,Vector1,,,Vector2,,
5,3.258578607,0.064259727,-0.632349019,0.064250865,-3.258567974,-0.632418698
10,2.049377321,1.018865092,0.189004464,1.018824056,-2.049414796,0.189033766
15,0.441483411,-0.987007975,-0.081245511,-0.986958974,-0.44162877,-0.08123926
20,-0.156434089,-0.25334526,-0.001715931,-0.253304875,0.156494591,-0.00170964
25,-0.005837695,-0.080661073,1.71E-04,-0.080637242,0.005858839,1.70E-04
30,0.002899619,-0.003534007,4.93E-05,-0.003534999,-0.002899901,3.66E-05
35,6.76E-04,-0.001011344,5.58E-05,-0.001014229,-6.79E-04,5.21E-05
40,1.99E-04,-3.27E-04,1.71E-05,-3.28E-04,-2.00E-04,1.73E-05
45,6.17E-05,-1.06E-04,5.85E-06,-1.07E-04,-6.22E-05,8.59E-06
50,1.97E-05,-3.47E-05,2.82E-06,-3.51E-05,-2.01E-05,4.96E-06
55,6.09E-06,-1.15E-05,1.98E-06,-1.14E-05,-6.59E-06,2.38E-06
60,1.79E-06,-3.90E-06,1.57E-06,-3.64E-06,-2.22E-06,1.19E-06
65,4.71E-07,-1.41E-06,1.17E-06,-1.10E-06,-7.58E-07,6.36E-07
70,8.37E-08,-5.81E-07,8.47E-07,-2.66E-07,-2.56E-07,3.79E-07
75,-1.60E-08,-2.96E-07,6.11E-07,-4.36E-10,-7.67E-08,2.54E-07
80,-3.13E-08,-1.91E-07,4.43E-07,7.97E-08,-1.08E-08,1.87E-07
85,-2.52E-08,-1.46E-07,3.24E-07,9.90E-08,1.37E-08,1.47E-07
90,-1.61E-08,-1.21E-07,2.40E-07,9.86E-08,2.23E-08,1.20E-07
95,-8.63E-09,-1.05E-07,1.81E-07,9.20E-08,2.43E-08,9.83E-08
100,-3.47E-09,-9.17E-08,1.38E-07,8.37E-08,2.35E-08,8.05E-08
105,1.647989373,-0.548287054,-0.353363508,-0.548312423,-1.647927854,-0.353329323
110,0.515944347,-0.662598015,-0.239592747,-0.662610714,-0.515939979,-0.239579779
115,-0.572282083,0.106470997,0.164749769,0.106473854,0.572200419,0.164798679
120,0.259180403,-0.550825045,-1.858132426,-0.550801315,-0.259183864,-1.858201717
125,1.961137267,-0.01823518,-2.136396535,-0.018193537,-1.961077581,-2.136424681
130,-1.147558751,-0.183082474,-0.822846708,-0.182947644,1.147603605,-0.822804038
135,-1.429733903,-1.3766147,-0.567084805,-1.376418348,1.429723457,-0.567333721
140,-1.250076338,-1.508115327,-0.188892134,-1.508169356,1.250046538,-0.18903379
145,0.488212909,0.097730595,-0.641192934,0.097610504,-0.488229731,-0.64111066
150,1.608369374,-0.496024769,-1.160642417,-0.495987927,-1.608430755,-1.160695844
155,1.149592892,-0.483248565,-1.49788943,-0.483214489,-1.149588198,-1.497916781
160,4.075378846,0.282965382,-2.995287469,0.283030454,-4.075265409,-2.995382179
165,7.480645039,-2.798697529,-2.830030165,-2.798553042,-7.480628946,-2.830179712
170,2.979448479,-1.257313782,0.253207303,-1.257325185,-2.979418489,0.252741344
175,2.943483206,-0.838229044,0.587769615,-0.838112511,-2.943506486,0.587767904
180,1.103679111,2.039681811,1.791367175,2.039376117,-1.103637127,1.791393662
185,-0.929068589,2.575355327,1.170161758,2.575249442,0.929173978,1.17017825
190,0.971989893,-0.722679291,0.060199073,-0.722623742,-0.972020728,0.060186042
195,0.502519498,-0.62481275,-0.618178954,-0.624771294,-0.502518807,-0.618181689
200,-0.119920409,-0.127008695,-0.159588021,-0.12698432,0.120002872,-0.159408171
205,-4.317022701,1.679725774,0.2134415,1.679646025,4.317008342,0.213550853
210,-0.03277809,-0.480580215,-0.171965024,-0.480576784,0.032764008,-0.17192902
215,-0.23886675,0.230507575,-0.339722106,0.230471932,0.238897689,-0.339718196
220,1.113144591,-0.861898365,-0.129767414,-0.861862319,-1.113123878,-0.129797765
225,-4.692275575,-0.257726262,0.272114424,-0.257671845,4.692170163,0.272101704
230,-7.363394971,1.228758205,-0.266894674,1.228618024,7.363389848,-0.266624959
235,0.453251688,-0.104312462,0.695661769,-0.104358786,-0.453412536,0.695659401
240,-1.395359283,0.61715231,2.081983754,0.617215414,1.395362385,2.081967072
245,1.349615475,-1.003780203,1.724748335,-1.003772338,-1.34962818,1.724736907
250,-2.538081685,1.315621982,1.286814408,1.31541697,2.538081519,1.286805035
255,-2.92653891,0.690294419,1.301699531,0.690224124,2.926568332,1.301729749
260,0.431977657,-0.564711719,-0.243143361,-0.564722992,-0.431927659,-0.243122908
265,-6.064068162,2.650231875,2.652290837,2.650164032,6.064057341,2.652415156
270,-1.594675469,-0.003090961,1.1470468,-0.003071908,1.594670931,1.147094274
275,-1.149686404,0.260951445,0.637287457,0.261007965,1.149670422,0.637530458
280,-2.088275618,0.490160166,0.835934638,0.490115673,2.088266535,0.835685045
285,-0.809421808,-0.601143041,-0.013330794,-0.601213904,0.809441457,-0.013357117
290,0.328063705,-0.166419698,0.017075723,-0.166461679,-0.328150133,0.01709748
295,-0.951351154,0.659094664,0.422848208,0.659044677,0.951393654,0.422825306
300,-0.241110359,1.077650155,0.825884005,1.077645508,0.241132002,0.825865666
305,1.081517504,-0.109657547,0.705288509,-0.109506996,-1.081593531,0.705152648
310,-0.751390463,-0.00613093,-1.308819468,-0.006187851,0.751359165,-1.308876763
315,0.33423432,-0.654637847,-0.032399624,-0.654710435,-0.334195866,-0.032283956
320,-1.089415873,0.647522291,-0.028823934,0.647461234,1.08946126,-0.028806408
325,-1.177094099,1.492496052,0.541827536,1.492484001,1.177127779,0.541825922
330,-0.348838548,1.31745896,1.331377715,1.317492818,0.348865127,1.331388899
335,1.289889264,1.376363771,0.037983813,1.37639002,-1.289879798,0.03790361
340,-1.193472937,0.960748281,0.796278631,0.96050115,1.193487314,0.796164932
345,-2.662545689,0.142223252,-0.070488836,0.142195063,2.662563817,-0.070361634
350,-6.612654131,0.537807116,0.514473327,0.537726976,6.612696126,0.514628441
355,0.013860981,-0.386704081,-0.280767535,-0.386700554,-0.013855755,-0.280766312
360,1.69865861,0.399281838,-0.314528962,0.399312817,-1.698648392,-0.31454953
365,2.200531002,0.954092823,-0.413265102,0.954126431,-2.200507544,-0.413297589
370,-1.786482877,-0.623476379,0.749383829,-0.623521202,1.786474568,0.74940752
375,-0.839879521,0.39956722,-0.037364382,0.399552231,0.83992679,-0.037321462
380,-0.290440164,0.334742157,-0.025131591,0.334712205,0.290391009,-0.025106604
385,-0.002999245,-0.110403292,0.01745052,-0.110406875,0.00299241,0.017447061
390,-0.132334037,0.103546342,-0.005642178,0.103551994,0.132371118,-0.005629493
395,-0.002250842,0.004142568,-6.05E-04,0.004148392,0.002251897,-6.22E-04
400,-5.81E-04,0.001595894,-1.80E-04,0.001597877,5.81E-04,-1.86E-04
405,0.587481633,-0.24702268,0.192786571,-0.247017312,-0.587484033,0.192782376
410,0.966720959,-0.292266858,0.45832136,-0.29225676,-0.966738275,0.458305933
415,0.325713896,-0.053284652,0.19270095,-0.053274289,-0.325721688,0.192697845
420,1.58E-04,0.003802545,-8.89E-05,0.003804404,-1.58E-04,-9.57E-05
425,2.23E-04,0.00118725,3.16E-05,0.001187599,-2.23E-04,2.95E-05
430,2.42E-04,3.34E-04,6.54E-05,3.33E-04,-2.43E-04,6.53E-05
435,2.74E-04,4.38E-05,7.59E-05,4.31E-05,-2.73E-04,8.14E-05
440,2.95E-04,-5.59E-05,8.11E-05,-5.63E-05,-2.93E-04,8.85E-05
445,3.00E-04,-8.65E-05,8.44E-05,-8.68E-05,-2.98E-04,9.03E-05
450,3.00E-04,-9.52E-05,8.65E-05,-9.54E-05,-2.99E-04,9.05E-05
455,2.99E-04,-9.75E-05,8.78E-05,-9.77E-05,-2.99E-04,9.04E-05
460,2.99E-04,-9.84E-05,8.79E-05,-9.85E-05,-2.99E-04,8.90E-05
465,2.99E-04,-9.90E-05,8.75E-05,-9.90E-05,-2.99E-04,8.79E-05
470,2.99E-04,-9.91E-05,8.74E-05,-9.91E-05,-2.99E-04,8.75E-05
475,2.98E-04,-9.92E-05,8.74E-05,-9.92E-05,-2.98E-04,8.74E-05
480,2.98E-04,-9.92E-05,8.74E-05,-9.92E-05,-2.98E-04,8.74E-05
485,2.98E-04,-9.91E-05,8.74E-05,-9.91E-05,-2.98E-04,8.74E-05
490,2.98E-04,-9.91E-05,8.73E-05,-9.91E-05,-2.98E-04,8.73E-05
495,2.98E-04,-9.91E-05,8.73E-05,-9.91E-05,-2.98E-04,8.73E-05
500,2.98E-04,-9.91E-05,8.73E-05,-9.91E-05,-2.98E-04,8.73E-05
505,-2.763713188,1.317842165,-0.455947484,1.317836415,2.763688328,-0.455894147
510,0.906217155,-0.663607244,0.0137507,-0.663696257,-0.906175844,0.013308678
515,-0.334965416,-0.520698447,0.428390695,-0.520641083,0.335008838,0.428449742
520,1.270629057,-1.057313142,0.403167527,-1.057302932,-1.27062634,0.403176719
525,-2.366995463,-0.708159506,0.414679117,-0.708089088,2.366946637,0.414746689
530,-5.876398194,1.668805946,-1.586244123,1.668716411,5.876386626,-1.585867061
535,-5.19443358,2.869752927,-1.029721088,2.869808969,5.194456237,-1.029737809
540,-2.58101526,1.007758828,0.297350682,1.007801949,2.581041369,0.297392951
545,-1.686386751,1.718421173,2.738875784,1.718511478,1.686401723,2.738841097
550,-1.366208586,0.033235013,3.218871125,0.033116715,1.366251889,3.218904609
555,-0.207824312,0.05464641,-0.169456236,0.054604834,0.207830762,-0.169412056
560,0.034192133,-0.700809773,0.077733665,-0.700913875,-0.034146089,0.077816877
565,-0.32015269,-0.386036052,-0.207895757,-0.386029919,0.320194505,-0.207982676
570,-1.102002351,-0.497929317,-0.110209913,-0.497891122,1.102051008,-0.110245571
575,-0.396075774,-0.061339783,0.080694266,-0.061337876,0.396116524,0.080682049
580,-0.95390238,0.047703994,0.288608822,0.047704977,0.953943693,0.288603086
585,-0.384152835,-0.074930215,0.243427597,-0.074943729,0.38414455,0.243440456
590,-0.310809226,-0.062196272,0.214196945,-0.062201566,0.310803031,0.214206172
595,-0.330356886,-0.07274225,0.22698629,-0.072744186,0.330351504,0.226994483
600,-0.449869469,-0.100517463,0.308378837,-0.100517962,0.449863296,0.308388756
605,2.374693814,-1.082180755,0.807268225,-1.082162088,-2.374655357,0.807160136
610,2.717569923,-0.096206141,-1.126506896,-0.096228033,-2.717591873,-1.126570257
615,1.826032795,-0.264887277,-1.890239433,-0.26485964,-1.826014777,-1.890253225
620,-1.391905849,-0.520595962,0.610913581,-0.520477316,1.392000676,0.611156583
625,5.920027734,-1.309744878,-0.496804634,-1.309543443,-5.919985335,-0.496816025
630,6.703022574,-0.951739195,-0.245099591,-0.951768911,-6.703107831,-0.245189763
635,1.955714041,1.904737156,0.140902208,1.904615071,-1.955602874,0.140512343
640,-0.519610342,2.086995449,1.162924645,2.086896151,0.519650399,1.163137335
645,-1.414364473,1.876482307,1.546236712,1.876337722,1.414434028,1.546156687
650,-4.968379858,1.649444003,1.443404687,1.649382029,4.968364928,1.443620098
655,-1.256421378,0.560635437,-0.122371621,0.56070409,1.256493444,-0.12223174
660,0.260735592,-1.027429785,0.757765384,-1.027425471,-0.260795816,0.757732133
665,5.978644876,-0.462968354,0.580849689,-0.462873468,-5.97868176,0.580749801
670,-0.702516113,0.66243144,0.580271328,0.662274601,0.702581711,0.580336219
675,1.607231308,-0.011530549,-0.318013571,-0.011499242,-1.607208637,-0.31802657
680,0.319631225,0.030042455,0.103210139,0.030016457,-0.319591441,0.103161112
685,0.406491912,-0.208917767,-0.00661666,-0.208823457,-0.406530686,-0.006654576
690,1.532987093,-1.012718991,0.086377666,-1.012642249,-1.532926196,0.086552649
695,0.246953701,-0.899604022,0.086488628,-0.899630337,-0.246879896,0.086337578
700,-1.545576114,1.464018381,0.300428281,1.464000977,1.545554967,0.300534855
705,0.512916903,-1.017792305,-0.733175846,-1.017597651,-0.513093142,-0.733242341
710,0.883492404,-1.287063515,-0.553779769,-1.287049644,-0.883492901,-0.553758876
715,0.678276562,-0.728115226,0.353582326,-0.72802386,-0.67835721,0.353583563
720,-1.674174812,-0.194903426,-0.198328383,-0.194980774,1.674186766,-0.198334463
725,-1.604550721,1.050858986,0.33534756,1.05080615,1.604584729,0.335349363
730,-0.710006893,0.977729371,0.945445756,0.977690404,0.709987548,0.945471342
735,0.284581838,-0.007481794,0.581014541,-0.007445853,-0.284611095,0.580981131
740,1.579838215,0.368788534,-0.328961254,0.368812125,-1.579846882,-0.328966378
745,1.172150066,-1.005330428,-0.938097015,-1.005382681,-1.17208384,-0.93803869
750,-0.619744191,0.53841748,-0.800170858,0.538377151,0.619789506,-0.800162973
755,-2.08703734,1.853262212,0.39706174,1.853283303,2.087047828,0.397157845
760,-0.603277877,1.542730226,0.474523171,1.542761078,0.603281185,0.474530232
765,-0.623540163,0.268891376,0.291936803,0.269033883,0.623470632,0.291852596
770,-1.178749117,0.521174173,-0.017832831,0.521126758,1.178772633,-0.017818526
775,-2.503966035,0.401803054,-0.271654721,0.401551579,2.504012128,-0.271593668
780,-8.527929763,0.747999095,0.965225364,0.747829794,8.527933601,0.965328456
785,-8.55549388,2.093170421,0.24678533,2.093017589,8.55554968,0.246953238
790,-3.53042716,0.169367904,1.208803164,0.169339814,3.530457397,1.208887064
795,-2.860682187,-0.352238659,0.883758855,-0.352273864,2.860674032,0.883816959
800,-1.019540998,-3.414614617,-0.464136965,-3.414618943,1.019442382,-0.464135827
805,0.367954966,0.491793443,-0.16468703,0.49198627,-0.367836685,-0.164681029
810,2.89929518,-0.45633585,-1.021894874,-0.456296854,-2.899291093,-1.021951772
815,1.038347501,-0.16791141,-0.790203842,-0.167912549,-1.038373866,-0.790248772
820,2.482774982,0.131742395,-1.746582531,0.131775602,-2.482760357,-1.746601885
825,2.503189451,-0.945966963,0.773764109,-0.946014814,-2.50305735,0.773866986
830,6.994116811,-0.932575315,0.341151125,-0.932622265,-6.994121666,0.341004441
835,6.96013735,0.408698458,-0.22062247,0.408710602,-6.960177822,-0.220726316
840,-0.831208511,-0.259534282,0.413440731,-0.259781536,0.831365701,0.413375192
845,-0.135877497,-0.032146283,0.489303624,-0.032179857,0.135893235,0.489270406
850,-1.388175414,0.669490761,-0.330423795,0.669526037,1.388173168,-0.330362922
855,-2.15190521,0.20977873,-0.583316031,0.209850455,2.151915669,-0.583238477
860,-3.781330055,-0.127468644,0.119876678,-0.127407159,3.781370493,0.120012054
865,3.868081602,-0.383987474,-0.193656718,-0.384053849,-3.868011612,-0.193854822
870,1.482794726,-0.461355295,-0.083936735,-0.461257794,-1.482765386,-0.084041935
875,0.764624428,-0.363320889,0.42610664,-0.363389944,-0.764562025,0.426129339
880,1.179586936,0.027300697,-0.016234042,0.027338658,-1.179573286,-0.016323938
885,0.037533025,0.144955048,-0.100591601,0.145043307,-0.037620179,-0.100587418
890,-0.021116453,-0.352440389,-0.305136288,-0.352383271,0.021068843,-0.305146151
895,0.296501699,-0.147370682,0.007852851,-0.147343209,-0.296530366,0.007800459
900,0.324753027,-0.156598384,0.003023627,-0.156585705,-0.324764,0.003005812
905,-0.548145922,-0.695008854,0.050895715,-0.694920647,0.548075564,0.05086701
910,0.891566298,-0.828604808,-0.558853986,-0.828598718,-0.891569294,-0.558744362
915,-1.193987449,0.94246189,0.245204535,0.942450433,1.193968333,0.245237838
920,-1.294309351,1.389708719,0.616024838,1.389736806,1.294322155,0.616011356
925,0.110806469,0.999779302,0.65873424,0.999820564,-0.110832197,0.658528354
930,-1.579469746,1.483311803,0.691736478,1.483231896,1.57951405,0.691663934
935,-4.820143312,1.583857501,1.976275874,1.583797921,4.820204409,1.976787302
940,-5.156416896,-0.039497301,-0.05727395,-0.039622106,5.1564378,-0.057097909
945,-4.750616001,0.586006157,-0.442600367,0.585746105,4.750557005,-0.442484554
950,-2.176203227,1.075779501,0.994119004,1.07576283,2.176128522,0.994152489
955,-2.368897998,0.787846596,2.478819882,0.787885342,2.368915617,2.478846977
960,-0.379034056,-0.410199601,1.191145585,-0.410049808,0.378973714,1.191362424
965,-0.15852653,-0.369755197,0.396293151,-0.369734823,0.158528846,0.396383635
970,-0.376556623,-1.476567905,0.776920595,-1.476644955,0.376581089,0.776932974
975,-2.276977355,-0.011266047,0.581004108,-0.011309555,2.276993831,0.580989396
980,0.780524647,0.055264055,-0.280733059,0.055018871,-0.780240995,-0.280859441
985,-0.137904039,0.334531493,-0.770601127,0.334479954,0.137906493,-0.77053617
990,2.256006304,-0.265594918,-0.555119756,-0.265701166,-2.256030318,-0.555254244
995,-1.594174314,0.256181916,0.461606947,0.256099253,1.594167368,0.461585803
1000,-4.201740231,-0.19602338,2.172277912,-0.196127084,4.201722004,2.172349054
1005,2.425839575,-1.213801826,0.817823163,-1.213779147,-2.425822492,0.817855708
1010,1.632808096,-0.795074258,0.068818271,-0.79507279,-1.632793507,0.06880484
1015,1.193385761,-0.651748474,0.820625126,-0.651782912,-1.193373713,0.820398145
1020,2.711859328,-0.526825073,-0.295131061,-0.526767525,-2.711722382,-0.29545081
1025,-0.463432005,0.134953636,-0.022461318,0.134825673,0.463405993,-0.022284137
1030,0.015119772,0.217841428,-0.254723907,0.217919258,-0.015134203,-0.254648676
1035,0.51515208,0.920758361,-1.361582346,0.920719794,-0.515083689,-1.361516861
1040,2.685657455,-1.834347159,-3.116768521,-1.834278649,-2.685640915,-3.11688359
1045,-0.697315261,0.090080426,-0.004683519,0.090057114,0.697332505,-0.004769038
1050,-0.60842488,-0.560696888,0.362536357,-0.560695802,0.608412438,0.362694543
1055,0.024198276,-1.983374825,0.142277203,-1.983385729,-0.02424847,0.142278403
1060,1.444072746,0.472336821,-0.977637999,0.472339129,-1.444070452,-0.977524738
1065,1.005215907,-0.507210801,-0.636446077,-0.50721607,-1.005255635,-0.636450373
1070,0.995083005,-1.465712802,-0.980205611,-1.465687092,-0.995089402,-0.980234424
1075,5.897630235,-1.198791419,-3.897075947,-1.198688752,-5.897590539,-3.897198776
1080,1.546672458,-0.416398902,0.719381691,-0.416227932,-1.546603304,0.719307172
1085,4.654021764,-0.3846477,0.812742363,-0.384627609,-4.654071061,0.812672653
1090,5.075651735,-1.505666356,0.394149977,-1.505431511,-5.07575792,0.394092482
1095,2.940817936,1.487796139,-0.531945244,1.48791948,-2.940811709,-0.531974441
1100,0.491329708,0.810468255,0.730159685,0.81038291,-0.491279824,0.730079641
1105,-2.50939676,0.306334974,2.110937779,0.306318605,2.509292389,2.111010596
1110,0.174012378,-0.189087378,-0.436433481,-0.189080326,-0.174036471,-0.436465595
1115,-2.434843231,-0.430990087,-0.376042006,-0.431090031,2.434869656,-0.375994329
1120,-0.107910267,0.119697051,-0.055739154,0.119423316,0.107837574,-0.055911096
1125,-4.88149137,2.464314779,0.213547211,2.46431403,4.881477571,0.213658881
1130,-1.751554055,-0.380852696,0.938099172,-0.380809709,1.751579036,0.938155008
1135,1.049427888,-0.863468787,0.588673629,-0.863473237,-1.049440372,0.588726921
1140,0.106158393,1.504562484,-0.118385854,1.504560344,-0.106155511,-0.118392248
1145,0.543768116,0.71147634,-0.62497953,0.711550853,-0.543832495,-0.625023961
1150,-3.458880843,0.211722006,-0.244200857,0.21163378,3.458883337,-0.24418811
1155,-7.551695635,0.947679553,-0.387043109,0.947550963,7.551726236,-0.386815714
1160,-2.440364077,0.709245537,0.575100513,0.709278722,2.440409319,0.575123721
1165,-2.172265822,1.665821589,2.989196868,1.665912125,2.172138212,2.989178679
1170,1.033554715,-0.516981897,1.632694262,-0.516893307,-1.033634027,1.632445777
1175,1.120466407,0.047131892,0.600930098,0.047221577,-1.120455001,0.601114325
1180,0.291867995,-0.437003462,0.383188118,-0.437023592,-0.29186604,0.383175658
1185,-1.2673547,0.435506851,0.138886541,0.435431888,1.267381624,0.1388442
1190,-2.048269025,0.310055247,0.549167884,0.309992869,2.048273181,0.549175631
1195,0.514976674,-0.232688881,-0.471695137,-0.232706392,-0.514968495,-0.471665165
1200,0.097707161,-0.136483398,0.050152526,-0.136460805,-0.097718321,0.050148703
1205,-0.070080146,0.034308737,0.539814698,0.03428537,0.070102559,0.539768968
1210,0.592154838,-0.069582579,-0.230796116,-0.069673354,-0.592049876,-0.230892632
1215,1.42057776,0.564339036,-1.863216929,0.564364517,-1.420512392,-1.863220223
1220,3.765388647,-1.281505678,-4.146006001,-1.281318176,-3.765334498,-4.146157112
1225,-1.293714956,-0.727889986,-1.437343575,-0.727467556,1.293757858,-1.437936636
1230,3.891999009,-1.823989113,-1.141456829,-1.823999785,-3.892049126,-1.141498955
1235,0.656823434,-0.669471375,-0.494012185,-0.669453504,-0.656825745,-0.494019443
1240,4.474504609,-1.700484066,-1.302442108,-1.700469035,-4.474545303,-1.302479109
1245,2.438188187,-2.140450616,1.673789879,-2.140607139,-2.438190356,1.673747944
1250,1.03580844,-0.59052725,1.327637554,-0.59098242,-1.035742595,1.328362142
1255,2.262515352,-0.240325568,0.172310291,-0.240399516,-2.262507807,0.172248284
1260,1.555580424,-0.036978369,0.298131917,-0.037014721,-1.55556379,0.298014555
1265,3.160472155,0.117652279,0.124799739,0.117676353,-3.160476059,0.124653747
1270,-0.526925858,-0.289336225,-0.392812421,-0.289260585,0.526923427,-0.392810148
1275,-2.52230247,-0.38231115,0.17120483,-0.382135934,2.522379614,0.171314293
1280,1.562247151,-0.243978267,0.282986383,-0.243974996,-1.56228064,0.28290539
1285,0.951632043,0.025263591,0.754846353,0.025248201,-0.951717345,0.754826598
1290,-0.148707904,-0.246427916,0.670232052,-0.246521635,0.148587166,0.670296843
1295,0.274091628,-0.029891186,0.49862805,-0.029933571,-0.27411735,0.498663522
1300,-0.476803664,0.638242388,0.269673233,0.638223419,0.476771954,0.269716427
1305,-0.619223142,0.637136446,0.268807858,0.637149562,0.619189767,0.268867894
1310,-0.526674676,0.257144507,-0.009414787,0.257244654,0.526656929,-0.009394049
1315,0.590350236,-0.315708564,0.136911947,-0.315683777,-0.590379591,0.136880084
1320,0.618674754,0.645559562,0.858770076,0.645555446,-0.618701887,0.858761748
1325,2.735604904,0.837168491,0.498274994,0.837199605,-2.735568649,0.498182379
1330,-1.268784839,0.918508699,0.35313431,0.918463492,1.268986462,0.353544671
1335,-1.497628736,0.777426981,0.178207205,0.777506091,1.497552724,0.178148501
1340,-0.395947747,-1.329837194,0.298708516,-1.329822368,0.395907974,0.298647561
1345,3.391393922,-0.717342186,-0.371721284,-0.717469892,-3.391282624,-0.371830618
1350,5.793046958,-0.558888617,-0.191726633,-0.558712393,-5.793072448,-0.191818171
1355,5.522008285,-0.05326843,-0.842184609,-0.053209519,-5.522023304,-0.842244568
1360,2.279945793,-0.860892316,-0.167490779,-0.860762144,-2.279866286,-0.167536501
1365,1.739277476,-0.643498463,-0.730337093,-0.64345823,-1.739277519,-0.730408763
1370,1.725025346,-0.743537784,-0.527264596,-0.743364237,-1.725014325,-0.527422128
1375,1.362551879,-0.624823633,-0.546114074,-0.624810917,-1.3625635,-0.546145013
1380,1.608250429,-0.930665593,-0.88994347,-0.930647047,-1.608233276,-0.889979555
1385,1.844167755,-0.95348664,-1.484726541,-0.953505927,-1.844206719,-1.484775234
1390,1.830394094,-1.012041224,-2.02761218,-1.011992914,-1.830384057,-2.027676131
1395,2.633043469,-2.832827247,-2.247349911,-2.832790272,-2.633047199,-2.247418416
1400,6.588042174,-1.995216292,-0.79570203,-1.995128838,-6.588017787,-0.795937118
1405,0.029378944,0.646537744,1.268140988,0.646493655,-0.029466601,1.268051561
1410,3.028743104,-1.446967236,0.90367141,-1.446607726,-3.028880775,0.903583191
1415,1.66157172,-0.450313658,0.855722682,-0.450304921,-1.661617436,0.855619481
1420,2.178488175,-0.096244551,0.637785587,-0.09621019,-2.178490761,0.637747227
1425,-2.539070822,0.028881679,0.07683375,0.028762518,2.539175699,0.076887493
1430,-6.227785856,0.112183223,-0.066760812,0.112063002,6.227835863,-0.066701488
1435,-7.322835871,1.020982206,-0.541102011,1.020823805,7.322807055,-0.540781665
1440,-0.820824294,-0.084154839,0.117768295,-0.084135205,0.820799238,0.117802041
1445,-2.641768899,1.736532677,2.53188481,1.736584516,2.641816783,2.531897722
1450,0.264790265,-0.071588911,2.510104854,-0.071611303,-0.26497922,2.509192131
1455,-0.450118969,-0.393742921,0.232015813,-0.393668926,0.450130484,0.232323147
1460,-0.113615288,-1.178836406,0.188528086,-1.178872296,0.113624378,0.188455896
1465,0.131528453,0.208019504,-0.134317369,0.207841856,-0.131549911,-0.134237213
1470,-0.478220225,1.257772313,-0.362708576,1.257718456,0.478279861,-0.36273596
1475,0.739136469,-0.02296539,0.276504617,-0.023205975,-0.739196678,0.276409754
1480,0.041865652,-0.076415676,0.698496859,-0.076369258,-0.041822239,0.698450674
1485,-4.667983534,0.989387758,1.207270466,0.989349956,4.668016062,1.207327346
1490,-2.198714732,0.619729373,0.186077127,0.619766105,2.198709093,0.186144738
1495,0.268328217,0.314145052,-0.40428014,0.314140153,-0.268336315,-0.404246046
1500,1.050466795,-0.961975522,-0.273637094,-0.962068413,-1.050329665,-0.273634861
1505,1.028799186,0.590451231,-0.465370698,0.590340521,-1.028688384,-0.465418517
1510,1.694589871,1.595122477,-2.999376446,1.595149914,-1.694487846,-2.999417001
1515,2.488561148,-0.462246919,-3.036718618,-0.462258533,-2.488517011,-3.036904756
1520,0.304797913,0.207719896,-0.35201251,0.207752356,-0.304790797,-0.352070557
1525,1.000394817,-0.32567181,-0.391544178,-0.325739014,-1.000395514,-0.391363392
1530,1.190206076,-0.32598256,-0.414223626,-0.326007888,-1.190198393,-0.41423027
1535,1.194491984,0.082480979,-0.569945658,0.082503426,-1.194517014,-0.569953452
1540,1.671525484,-0.697818957,-1.252012658,-0.69763071,-1.671489048,-1.251905048
1545,1.558817323,-0.829270137,-0.656875327,-0.829307866,-1.558864475,-0.656959987
1550,2.265193457,-2.512554703,-2.123951415,-2.512525292,-2.26519685,-2.124033345
1555,3.772013552,-1.790549795,-0.385295988,-1.790522132,-3.772072154,-0.385412963
1560,3.774357621,-1.017887335,0.831050358,-1.017863699,-3.774404627,0.830966015
1565,0.75130947,0.120968838,0.800718691,0.120950014,-0.751279424,0.800632111
1570,0.084034966,0.242608506,0.825240574,0.242589216,-0.084033731,0.825240244
1575,2.876509498,1.531619844,-0.360393635,1.531722053,-2.876505059,-0.360610918
1580,-0.330860455,-0.225760821,-0.128276498,-0.225675082,0.330881795,-0.128229398
1585,-1.665884673,-1.027361682,0.161052266,-1.027362997,1.6658554,0.161100663
1590,0.253388019,0.750181743,0.767962845,0.750189023,-0.25337907,0.767982689
1595,1.188607801,0.486358975,0.621264764,0.486419321,-1.188604749,0.621279275
1600,0.569713148,-1.487027222,0.317128764,-1.486997836,-0.569771516,0.317138608
1605,-1.710298271,-0.007486264,-0.34790541,-0.007492754,1.710248009,-0.347864237
1610,-1.422174937,0.762914728,-1.084513227,0.762895014,1.42220337,-1.084490937
1615,-8.095511185,0.51602631,-0.263216515,0.515926745,8.095548035,-0.263055524
1620,-2.924862684,0.950969737,0.884468138,0.950816122,2.924816976,0.884626437
1625,-2.402366959,-0.266875178,1.682780084,-0.266889861,2.402318603,1.682675683
1630,0.784765358,-1.225379932,0.94059667,-1.225317667,-0.784813929,0.940627219
1635,-1.351240772,0.878091111,0.629705404,0.877933322,1.351251975,0.629656655
1640,-2.459159541,0.590821698,1.198408607,0.590762742,2.459203153,1.198429592
1645,0.517690535,-0.479932713,0.075071447,-0.47994,-0.517639083,0.075072556
1650,-6.063033201,2.908068942,2.803984058,2.908009462,6.063025507,2.804106307
1655,1.050554266,-1.7039192,1.349008736,-1.703753852,-1.050738559,1.348618699
1660,-0.652385376,-1.102523761,0.304536329,-1.102546568,0.652345125,0.304773744
1665,-0.274451952,0.21768918,0.250687088,0.217716048,0.274440615,0.250740799
1670,-1.134907554,0.675952478,0.458484547,0.675917323,1.134930504,0.458560233
1675,-1.697925893,0.607931494,1.049333301,0.607876081,1.697928944,1.04934739
1680,-1.429686357,0.097869657,0.500714613,0.097864105,1.429689105,0.500752578
1685,0.11938866,0.140474518,0.216782683,0.140454107,-0.119405172,0.216778423
1690,0.072545455,-0.035602371,0.005944382,-0.035632957,-0.072562645,0.005933811
1695,-0.021232535,0.008644276,0.015269837,0.008641532,0.021267343,0.015247266
1700,-0.001136154,4.60E-04,6.40E-04,4.58E-04,0.001139112,6.30E-04
1705,0.649221241,-0.311781366,-0.357270436,-0.311676274,-0.649123618,-0.357157179
1710,-0.111266105,-0.614570405,0.564981166,-0.614617328,0.111202627,0.564952651
1715,-1.930298234,1.352540446,1.268270561,1.352444732,1.930317468,1.268229071
1720,-0.414948039,0.185562338,-0.002126327,0.185575688,0.414958773,-0.002254325
1725,0.650522273,0.575371394,0.633692436,0.575466367,-0.650590001,0.633708831
1730,-0.353583153,0.170907168,-0.067585891,0.1709364,0.35356713,-0.06755791
1735,0.672229194,-0.865255546,-0.113448281,-0.865207213,-0.672280247,-0.113503109
1740,1.444493146,-1.236823089,0.240586092,-1.236772111,-1.444510435,0.240520507
1745,-0.702536335,-0.315439283,0.891526462,-0.315458679,0.702476569,0.891552271
1750,-1.543879485,-0.093451432,-1.347816084,-0.093484737,1.543955661,-1.347819207
1755,-0.902473214,0.948057621,-0.292900055,0.94808783,0.902446357,-0.292740514
1760,0.153069396,-0.790687341,-0.323824152,-0.790649681,-0.153107167,-0.323814329
1765,0.21905193,-0.950792248,-0.174100844,-0.950786144,-0.219007693,-0.174040501
1770,-0.289410248,-0.534349874,-0.350859443,-0.534372063,0.289387925,-0.350852497
1775,0.239459859,-0.137112792,-0.19210613,-0.137105519,-0.23945713,-0.192091217
1780,0.133504386,-0.255606745,0.284535558,-0.255606777,-0.133516181,0.284531675
1785,0.31273258,-0.149313732,-0.0034301,-0.149302857,-0.312738579,-0.003464727
1790,0.494789862,-0.236533741,2.10E-04,-0.236523315,-0.494795883,1.92E-04
1795,0.803677481,-0.383767724,0.002761756,-0.383753873,-0.803684524,0.002749584
