,Vector1,,,Vector2,,,Vector3,,,Vector4,,,Vector5,,,Vector6,,,Vector7,,,,,,,,,,,,
5,-3.95E-06,-5.11E-06,-7.99E-09,-3.83E-06,-5.12E-06,2.34E-09,-5.62E-06,-5.09E-06,1.43E-08,-5.21E-06,3.83E-06,-8.43E-09,-5.16E-06,3.84E-06,4.25E-09,0,0,0,0,0,0,,,,,,,,,,
10,-2.06E-06,-1.67E-06,-6.22E-09,-2.08E-06,-1.68E-06,2.78E-09,-8.48E-07,-1.66E-06,1.19E-08,-1.69E-06,2.07E-06,-5.96E-09,-1.71E-06,2.06E-06,3.66E-09,3.14E-04,2.35E-04,4.51E-05,3.15E-04,2.35E-04,4.51E-05,,,,,,,,,,
15,-1.03E-06,-5.47E-07,-4.55E-09,-1.06E-06,-5.48E-07,2.81E-09,1.76E-07,-5.43E-07,9.93E-09,-5.49E-07,1.05E-06,-4.56E-09,-5.73E-07,1.05E-06,3.60E-09,2.00E-04,2.33E-04,2.49E-06,2.00E-04,2.33E-04,2.49E-06,,,,,,,,,,
20,-6.83E-07,-1.78E-07,-3.07E-09,-7.18E-07,-1.80E-07,2.69E-09,5.04E-07,-1.76E-07,8.25E-09,-1.75E-07,7.10E-07,-3.38E-09,-1.99E-07,7.06E-07,3.24E-09,6.03E-05,6.44E-05,-8.27E-08,6.34E-05,6.41E-05,-1.04E-07,,,,,,,,,,
25,-5.68E-07,-5.82E-08,-1.79E-09,-6.04E-07,-5.93E-08,2.53E-09,6.08E-07,-5.68E-08,6.80E-09,-5.29E-08,5.96E-07,-2.36E-09,-7.66E-08,5.92E-07,2.70E-09,5.07E-05,5.09E-05,2.53E-08,4.54E-05,5.15E-05,5.60E-08,,,,,,,,,,
30,6.72E-07,-1.58E-08,-7.10E-10,7.30E-07,-1.68E-08,2.44E-09,-9.19E-07,-1.47E-08,5.55E-09,-3.26E-08,-7.20E-07,-2.45E-09,2.80E-09,-7.16E-07,3.52E-09,-1.67E-04,-1.83E-04,-9.39E-09,-1.64E-04,-1.83E-04,-2.40E-08,,,,,,,,,,
35,6.93E-07,-3.02E-09,1.82E-10,7.52E-07,-3.97E-09,2.30E-09,-9.19E-07,-2.12E-09,4.46E-09,-1.95E-08,-7.41E-07,-1.66E-09,1.64E-08,-7.37E-07,2.89E-09,-5.48E-05,-5.98E-05,-1.07E-08,-5.39E-05,-5.99E-05,-6.65E-09,,,,,,,,,,
40,7.11E-07,1.12E-09,9.09E-10,7.72E-07,1.86E-10,2.19E-09,-9.34E-07,1.89E-09,3.51E-09,-1.53E-08,-7.61E-07,-9.63E-10,2.17E-08,-7.57E-07,2.27E-09,-1.82E-05,-1.96E-05,-9.93E-09,-1.80E-05,-1.96E-05,-2.04E-10,,,,,,,,,,
45,-5.45E-07,-6.60E-10,1.49E-09,-5.88E-07,-1.62E-09,2.02E-09,7.05E-07,2.15E-11,2.66E-09,7.23E-09,5.79E-07,3.03E-10,-1.97E-08,5.74E-07,7.12E-10,-6.30E-06,-6.39E-06,-8.35E-09,-6.26E-06,-6.41E-06,2.06E-09,,,,,,,,,,
50,-5.31E-07,-2.64E-10,1.95E-09,-5.73E-07,-1.19E-09,1.93E-09,6.88E-07,3.33E-10,1.94E-09,7.58E-09,5.64E-07,8.21E-10,-1.86E-08,5.60E-07,1.97E-10,-1.22E-06,-2.09E-06,-6.57E-09,-1.13E-06,-2.09E-06,2.80E-09,,,,,,,,,,
55,-5.21E-07,-1.85E-10,2.31E-09,-5.62E-07,-1.07E-09,1.84E-09,6.75E-07,3.42E-10,1.32E-09,7.64E-09,5.53E-07,1.27E-09,-1.78E-08,5.49E-07,-2.64E-10,6.83E-08,-6.80E-07,-4.87E-09,1.37E-07,-6.82E-07,2.89E-09,,,,,,,,,,
60,-5.15E-07,-3.25E-10,2.57E-09,-5.54E-07,-1.17E-09,1.77E-09,6.66E-07,1.42E-10,7.91E-10,7.47E-09,5.45E-07,1.65E-09,-1.69E-08,5.41E-07,-6.67E-10,5.02E-07,-2.20E-07,-3.34E-09,5.66E-07,-2.21E-07,2.78E-09,,,,,,,,,,
65,6.98E-07,2.77E-09,2.77E-09,7.54E-07,2.02E-09,1.76E-09,-9.09E-07,3.16E-09,3.50E-10,-1.24E-08,-7.44E-07,9.77E-10,2.28E-08,-7.40E-07,4.36E-10,-6.11E-07,-7.28E-08,-2.03E-09,-6.51E-07,-7.39E-08,2.56E-09,,,,,,,,,,
70,7.05E-07,2.71E-09,2.90E-09,7.63E-07,2.01E-09,1.69E-09,-9.19E-07,3.07E-09,-3.95E-11,-1.25E-08,-7.52E-07,1.24E-09,2.33E-08,-7.48E-07,1.47E-10,-5.53E-07,-2.36E-08,-9.12E-10,-5.93E-07,-2.46E-08,2.40E-09,,,,,,,,,,
75,7.18E-07,2.66E-09,2.99E-09,7.77E-07,2.00E-09,1.62E-09,-9.36E-07,2.97E-09,-3.70E-10,-1.27E-08,-7.66E-07,1.46E-09,2.42E-08,-7.62E-07,-9.11E-11,-5.28E-07,-7.59E-09,1.47E-11,-5.67E-07,-8.61E-09,2.27E-09,,,,,,,,,,
80,-5.47E-07,-4.89E-10,3.03E-09,-5.91E-07,-1.17E-09,1.50E-09,7.11E-07,-1.85E-10,-6.65E-10,8.53E-09,5.82E-07,2.30E-09,-1.89E-08,5.78E-07,-1.28E-09,-5.18E-07,-2.53E-09,7.73E-10,-5.56E-07,-3.52E-09,2.14E-09,,,,,,,,,,
85,-5.33E-07,-5.13E-10,3.04E-09,-5.76E-07,-1.16E-09,1.44E-09,6.92E-07,-2.36E-10,-8.98E-10,8.35E-09,5.67E-07,2.43E-09,-1.83E-08,5.63E-07,-1.43E-09,6.93E-07,2.25E-09,1.39E-09,7.50E-07,1.34E-09,2.10E-09,,,,,,,,,,
90,-5.21E-07,-5.50E-10,3.02E-09,-5.63E-07,-1.16E-09,1.38E-09,6.77E-07,-2.97E-10,-1.09E-09,8.18E-09,5.54E-07,2.54E-09,-1.76E-08,5.50E-07,-1.56E-09,7.02E-07,2.74E-09,1.87E-09,7.60E-07,1.86E-09,2.01E-09,,,,,,,,,,
95,-5.14E-07,-7.08E-10,2.98E-09,-5.54E-07,-1.28E-09,1.33E-09,6.66E-07,-4.74E-10,-1.25E-09,7.89E-09,5.45E-07,2.63E-09,-1.67E-08,5.41E-07,-1.66E-09,7.16E-07,2.85E-09,2.25E-09,7.75E-07,2.02E-09,1.92E-09,,,,,,,,,,
100,7.02E-07,2.40E-09,2.93E-09,7.58E-07,1.92E-09,1.34E-09,-9.13E-07,2.60E-09,-1.36E-09,-1.21E-08,-7.47E-07,1.70E-09,2.31E-08,-7.43E-07,-2.95E-10,-5.45E-07,-2.43E-10,2.53E-09,-5.89E-07,-1.10E-09,1.78E-09,,,,,,,,,,
105,9.820582905,-0.001956954,9.67E-04,-0.179356022,-0.002170928,2.03E-05,-0.54994231,-0.002154283,-4.48E-05,-0.00225254,0.179315592,5.76E-05,-0.291927415,0.179276031,0.001848809,9.820583168,-0.001956948,9.67E-04,-0.17935576,-0.002170935,2.03E-05,,,,,,,,,,
110,10.08749574,-0.002011845,-0.005634302,0.087478949,0.005942061,-1.31E-04,-0.187722474,0.00593761,3.24E-04,0.005917952,-0.087492505,-9.93E-05,-0.849967582,-0.087253586,-0.006639751,10.08749567,-0.002011849,-0.005634319,0.087478881,0.005942075,-1.31E-04,,,,,,,,,,
115,-1.022714641,-0.003527894,-0.001549475,-0.302283224,0.003795223,1.94E-04,0.081764405,0.003762874,4.79E-04,0.003794711,0.302273792,1.87E-04,-0.017031502,0.297461674,0.05361422,-1.022715473,-0.003527893,-0.001549477,-0.302283949,0.003795221,1.94E-04,,,,,,,,,,
120,-0.113080693,-1.87E-04,3.99E-05,0.241327824,1.44E-04,-7.09E-05,0.104721447,1.34E-04,-9.99E-05,1.42E-04,-0.24128022,-1.26E-04,-0.40466111,-0.23700693,-0.045135736,-0.113081163,-1.87E-04,3.99E-05,0.241327979,1.44E-04,-7.09E-05,,,,,,,,,,
125,-0.110756843,-3.35E-05,1.73E-05,0.005298083,1.40E-05,2.39E-06,-0.008529841,1.29E-05,-2.31E-05,8.43E-06,-0.00530524,6.66E-06,0.001454211,-0.00513922,-0.001337617,-0.110756359,-3.35E-05,1.73E-05,0.005298764,1.40E-05,2.39E-06,,,,,,,,,,
130,-0.036358109,-5.80E-06,1.55E-05,0.0013216,-4.12E-06,-2.71E-06,-0.002501868,-5.66E-06,-1.07E-05,-5.80E-06,-0.001320715,-9.92E-06,2.86E-04,-0.001275366,-3.40E-04,-0.036357948,-5.80E-06,1.55E-05,0.001321828,-4.12E-06,-2.71E-06,,,,,,,,,,
135,-0.012009865,4.64E-06,1.34E-05,3.21E-04,-1.01E-05,-3.60E-06,-7.20E-04,-1.10E-05,-5.00E-06,-1.07E-05,-3.21E-04,-6.35E-06,-7.16E-05,-3.08E-04,-9.11E-05,-0.012009813,4.64E-06,1.34E-05,3.21E-04,-1.01E-05,-3.60E-06,,,,,,,,,,
140,-0.004044302,8.32E-06,1.25E-05,-5.54E-07,-1.23E-05,-3.86E-06,-1.44E-04,-1.29E-05,-3.18E-06,-1.25E-05,7.85E-07,-5.05E-06,-1.88E-04,3.06E-06,-1.08E-05,-0.004044285,8.32E-06,1.25E-05,-5.30E-07,-1.23E-05,-3.86E-06,,,,,,,,,,
145,-0.001430494,1.04E-05,1.18E-05,-1.03E-04,-1.36E-05,-3.80E-06,3.94E-05,-1.40E-05,-2.72E-06,-1.37E-05,1.03E-04,-3.92E-06,-2.23E-04,1.02E-04,1.39E-05,-0.001430489,1.04E-05,1.18E-05,-1.03E-04,-1.36E-05,-3.80E-06,,,,,,,,,,
150,-5.48E-04,1.45E-05,1.05E-05,-1.28E-04,-1.68E-05,-3.26E-06,8.07E-05,-1.67E-05,-3.01E-06,-1.69E-05,1.27E-04,-6.93E-07,-2.19E-04,1.25E-04,1.61E-05,-5.48E-04,1.45E-05,1.05E-05,-1.28E-04,-1.68E-05,-3.26E-06,,,,,,,,,,
155,-1.04E-04,1.61E-05,1.02E-05,-1.32E-04,-1.79E-05,-2.89E-06,8.83E-05,-1.76E-05,-2.96E-06,-1.81E-05,1.31E-04,6.86E-07,-2.14E-04,1.29E-04,1.58E-05,-1.04E-04,1.61E-05,1.02E-05,-1.32E-04,-1.79E-05,-2.89E-06,,,,,,,,,,
160,2.05E-05,1.54E-05,9.80E-06,-1.34E-04,-1.72E-05,-2.84E-06,9.29E-05,-1.70E-05,-2.70E-06,-1.74E-05,1.33E-04,1.50E-07,-2.16E-04,1.31E-04,1.78E-05,2.05E-05,1.54E-05,9.80E-06,-1.34E-04,-1.72E-05,-2.84E-06,,,,,,,,,,
165,4.13E-05,1.45E-05,9.61E-06,-1.37E-04,-1.65E-05,-2.89E-06,9.80E-05,-1.64E-05,-2.45E-06,-1.66E-05,1.36E-04,-7.34E-07,-2.20E-04,1.34E-04,2.03E-05,4.13E-05,1.45E-05,9.61E-06,-1.37E-04,-1.65E-05,-2.89E-06,,,,,,,,,,
170,3.22E-05,1.37E-05,9.46E-06,-1.39E-04,-1.59E-05,-2.95E-06,1.02E-04,-1.58E-05,-2.26E-06,-1.59E-05,1.39E-04,-1.50E-06,-2.22E-04,1.36E-04,2.23E-05,3.22E-05,1.37E-05,9.46E-06,-1.39E-04,-1.59E-05,-2.95E-06,,,,,,,,,,
175,1.58E-05,1.30E-05,9.33E-06,-1.40E-04,-1.53E-05,-2.99E-06,1.04E-04,-1.54E-05,-2.13E-06,-1.54E-05,1.40E-04,-2.08E-06,-2.25E-04,1.38E-04,2.38E-05,1.58E-05,1.30E-05,9.33E-06,-1.40E-04,-1.53E-05,-2.99E-06,,,,,,,,,,
180,-1.29E-06,1.25E-05,9.21E-06,-1.42E-04,-1.49E-05,-3.01E-06,1.06E-04,-1.50E-05,-2.04E-06,-1.49E-05,1.41E-04,-2.49E-06,-2.26E-04,1.39E-04,2.49E-05,-1.29E-06,1.25E-05,9.21E-06,-1.42E-04,-1.49E-05,-3.01E-06,,,,,,,,,,
185,-1.70E-05,1.22E-05,9.11E-06,-1.42E-04,-1.46E-05,-3.03E-06,1.07E-04,-1.47E-05,-1.99E-06,-1.46E-05,1.42E-04,-2.76E-06,-2.28E-04,1.40E-04,2.57E-05,-1.70E-05,1.22E-05,9.11E-06,-1.42E-04,-1.46E-05,-3.03E-06,,,,,,,,,,
190,-3.09E-05,1.19E-05,9.02E-06,-1.43E-04,-1.44E-05,-3.03E-06,1.08E-04,-1.45E-05,-1.96E-06,-1.44E-05,1.43E-04,-2.95E-06,-2.28E-04,1.40E-04,2.63E-05,-3.09E-05,1.19E-05,9.02E-06,-1.43E-04,-1.44E-05,-3.03E-06,,,,,,,,,,
195,-4.32E-05,1.17E-05,8.93E-06,-1.43E-04,-1.42E-05,-3.04E-06,1.09E-04,-1.44E-05,-1.94E-06,-1.42E-05,1.43E-04,-3.07E-06,-2.29E-04,1.41E-04,2.67E-05,-4.32E-05,1.17E-05,8.93E-06,-1.43E-04,-1.42E-05,-3.04E-06,,,,,,,,,,
200,-5.41E-05,1.16E-05,8.85E-06,-1.44E-04,-1.41E-05,-3.03E-06,1.10E-04,-1.43E-05,-1.93E-06,-1.41E-05,1.44E-04,-3.14E-06,-2.30E-04,1.41E-04,2.70E-05,-5.41E-05,1.16E-05,8.85E-06,-1.44E-04,-1.41E-05,-3.03E-06,,,,,,,,,,
205,-9.914005125,6.20E-05,9.62E-05,0.085920875,-1.09E-04,-2.06E-05,-0.0376783,-1.06E-04,-7.25E-06,-1.09E-04,-0.085932411,2.77E-05,-3.89E-05,-0.084024147,-0.018082064,-9.914005144,6.20E-05,9.62E-05,0.085920857,-1.09E-04,-2.06E-05,,,,,,,,,,
210,-9.350836805,7.68E-05,8.76E-05,0.649174196,-4.21E-05,-2.10E-05,-0.268047134,-3.90E-05,-3.06E-05,-3.46E-05,-0.649165627,-2.22E-05,-5.53E-04,-0.634622155,-0.136567927,-9.350836859,7.68E-05,8.76E-05,0.649174142,-4.21E-05,-2.10E-05,,,,,,,,,,
215,-1.896412058,-0.106399302,-0.063068627,0.926528109,-0.123740787,7.57E-05,0.18916653,-0.121490967,-0.023254171,-0.123786459,-0.926375629,6.98E-05,0.488516782,-0.902092803,-0.210537525,-1.896412033,-0.106399284,-0.063068619,0.926528146,-0.123740767,7.57E-05,,,,,,,,,,
220,-0.005536264,0.011208048,0.007972276,-0.321762512,0.013762787,-0.001125055,0.49241787,0.013931525,7.54E-04,0.013784019,0.321726502,-9.96E-04,-1.10193259,0.304593656,0.104162548,-0.005536281,0.01120805,0.007972277,-0.321762553,0.01376279,-0.001125055,,,,,,,,,,
225,0.072822406,4.66E-04,1.16E-04,0.01616728,3.55E-04,-8.69E-05,0.004776617,3.10E-04,-7.16E-05,3.46E-04,-0.016139858,-1.28E-04,0.007510838,-0.015215063,-0.005604547,0.07282241,4.66E-04,1.16E-04,0.016167285,3.55E-04,-8.69E-05,,,,,,,,,,
230,0.024014444,1.67E-04,4.63E-05,0.005226841,1.24E-04,-3.84E-05,0.001431802,1.02E-04,-1.53E-05,1.21E-04,-0.005213799,-5.88E-05,0.002283329,-0.004919873,-0.00182548,0.024014446,1.67E-04,4.63E-05,0.005226842,1.24E-04,-3.84E-05,,,,,,,,,,
235,0.00783447,7.98E-05,2.97E-05,0.001656656,6.31E-05,-2.23E-05,4.93E-04,5.00E-05,4.44E-06,6.18E-05,-0.001649234,-3.50E-05,5.63E-04,-0.001558438,-5.95E-04,0.007834471,7.98E-05,2.97E-05,0.001656657,6.31E-05,-2.23E-05,,,,,,,,,,
240,0.002518079,4.99E-05,2.14E-05,5.00E-04,4.08E-05,-1.61E-05,1.89E-04,3.11E-05,9.95E-06,4.02E-05,-4.95E-04,-2.54E-05,1.04E-08,-4.69E-04,-1.96E-04,0.002518079,4.99E-05,2.14E-05,5.00E-04,4.08E-05,-1.61E-05,,,,,,,,,,
245,7.75E-04,3.63E-05,1.82E-05,1.23E-04,3.11E-05,-1.29E-05,9.06E-05,2.33E-05,1.05E-05,3.08E-05,-1.19E-04,-2.05E-05,-1.80E-04,-1.15E-04,-6.32E-05,7.75E-04,3.63E-05,1.82E-05,1.23E-04,3.11E-05,-1.29E-05,,,,,,,,,,
250,2.04E-04,2.93E-05,1.65E-05,2.38E-07,2.62E-05,-1.08E-05,5.88E-05,1.96E-05,9.68E-06,2.60E-05,3.17E-06,-1.73E-05,-2.36E-04,8.90E-07,-1.81E-05,2.04E-04,2.93E-05,1.65E-05,2.38E-07,2.62E-05,-1.08E-05,,,,,,,,,,
255,1.74E-05,2.51E-05,1.53E-05,-3.98E-05,2.32E-05,-9.35E-06,4.85E-05,1.76E-05,8.62E-06,2.31E-05,4.28E-05,-1.50E-05,-2.52E-04,3.82E-05,-1.66E-06,1.74E-05,2.51E-05,1.53E-05,-3.98E-05,2.32E-05,-9.35E-06,,,,,,,,,,
260,-4.36E-05,2.24E-05,1.43E-05,-5.25E-05,2.13E-05,-8.16E-06,4.48E-05,1.65E-05,7.60E-06,2.12E-05,5.51E-05,-1.31E-05,-2.55E-04,4.99E-05,5.08E-06,-4.36E-05,2.24E-05,1.43E-05,-5.25E-05,2.13E-05,-8.16E-06,,,,,,,,,,
265,-6.38E-05,2.02E-05,1.33E-05,-5.68E-05,1.96E-05,-7.15E-06,4.40E-05,1.54E-05,6.70E-06,1.95E-05,5.90E-05,-1.15E-05,-2.54E-04,5.36E-05,8.66E-06,-6.38E-05,2.02E-05,1.33E-05,-5.68E-05,1.96E-05,-7.15E-06,,,,,,,,,,
270,-7.04E-05,1.85E-05,1.24E-05,-5.81E-05,1.83E-05,-6.29E-06,4.38E-05,1.46E-05,5.91E-06,1.82E-05,6.01E-05,-1.01E-05,-2.52E-04,5.46E-05,1.10E-05,-7.04E-05,1.85E-05,1.24E-05,-5.81E-05,1.83E-05,-6.29E-06,,,,,,,,,,
275,-7.26E-05,1.70E-05,1.16E-05,-5.84E-05,1.71E-05,-5.55E-06,4.37E-05,1.39E-05,5.23E-06,1.71E-05,6.01E-05,-8.86E-06,-2.50E-04,5.47E-05,1.27E-05,-7.26E-05,1.70E-05,1.16E-05,-5.84E-05,1.71E-05,-5.55E-06,,,,,,,,,,
280,-7.33E-05,1.58E-05,1.09E-05,-5.84E-05,1.62E-05,-4.90E-06,4.37E-05,1.34E-05,4.63E-06,1.61E-05,5.99E-05,-7.80E-06,-2.48E-04,5.45E-05,1.41E-05,-7.33E-05,1.58E-05,1.09E-05,-5.84E-05,1.62E-05,-4.90E-06,,,,,,,,,,
285,-7.35E-05,1.48E-05,1.02E-05,-5.84E-05,1.53E-05,-4.33E-06,4.37E-05,1.29E-05,4.11E-06,1.53E-05,5.97E-05,-6.87E-06,-2.47E-04,5.43E-05,1.54E-05,-7.35E-05,1.48E-05,1.02E-05,-5.84E-05,1.53E-05,-4.33E-06,,,,,,,,,,
290,-7.36E-05,1.39E-05,9.67E-06,-5.83E-05,1.46E-05,-3.84E-06,4.38E-05,1.24E-05,3.65E-06,1.45E-05,5.94E-05,-6.06E-06,-2.45E-04,5.41E-05,1.64E-05,-7.36E-05,1.39E-05,9.67E-06,-5.83E-05,1.46E-05,-3.84E-06,,,,,,,,,,
295,-7.36E-05,1.30E-05,9.19E-06,-5.82E-05,1.40E-05,-3.40E-06,4.38E-05,1.20E-05,3.26E-06,1.39E-05,5.92E-05,-5.35E-06,-2.44E-04,5.39E-05,1.73E-05,-7.36E-05,1.30E-05,9.19E-06,-5.82E-05,1.40E-05,-3.40E-06,,,,,,,,,,
300,-7.36E-05,1.23E-05,8.76E-06,-5.81E-05,1.34E-05,-3.02E-06,4.38E-05,1.17E-05,2.91E-06,1.33E-05,5.90E-05,-4.73E-06,-2.43E-04,5.37E-05,1.81E-05,-7.36E-05,1.23E-05,8.76E-06,-5.81E-05,1.34E-05,-3.02E-06,,,,,,,,,,
305,0.745111943,-0.6792435,-0.464755605,0.645121702,-0.819115494,0.080207006,-1.052743116,-0.819906012,-0.062233996,-0.819116363,-0.645104292,0.080155365,9.183250946,-0.640380911,0.153270957,0.745111933,-0.679243496,-0.464755604,0.645121697,-0.819115491,0.080206999,,,,,,,,,,
310,-0.423593187,0.374481168,0.231152737,-0.311564562,0.436565423,-0.056235362,0.523088493,0.435167203,0.058925476,0.436577726,0.311545032,-0.056201211,10.43527947,-0.049840627,-0.31487963,-0.423593174,0.374481159,0.231152732,-0.311564556,0.436565414,-0.056235357,,,,,,,,,,
315,-0.08077481,0.075620595,0.057314018,-0.084284871,0.094582932,-0.00549494,0.134837178,0.095032724,0.002028814,0.094598512,0.084274288,-0.005501309,-0.227434826,-0.091530343,-0.009690534,-0.080774826,0.07562061,0.057314028,-0.084284885,0.09458295,-0.005494941,,,,,,,,,,
320,-0.002761845,0.002334465,0.003286258,-0.007390337,0.003852821,8.35E-04,0.01079884,0.004007982,-0.001210875,0.003860134,0.00737858,8.52E-04,-0.112115892,-0.010679599,0.002031142,-0.002761834,0.002334454,0.00328625,-0.007390327,0.003852808,8.35E-04,,,,,,,,,,
325,-4.75E-04,3.37E-04,7.92E-04,-0.002095083,7.52E-04,3.32E-04,0.002886148,8.03E-04,-4.18E-04,7.54E-04,0.002090817,3.38E-04,-0.03674642,-0.003194657,7.15E-04,-4.75E-04,3.37E-04,7.92E-04,-0.00209508,7.52E-04,3.32E-04,,,,,,,,,,
330,6.46E-05,-1.29E-04,1.05E-04,-5.36E-04,-3.67E-05,1.45E-04,6.09E-04,-2.18E-05,-1.44E-04,-3.60E-05,5.35E-04,1.47E-04,-0.012495762,-8.99E-04,2.68E-04,6.46E-05,-1.29E-04,1.05E-04,-5.36E-04,-3.67E-05,1.45E-04,,,,,,,,,,
335,2.32E-04,-2.76E-04,-1.16E-04,-3.17E-05,-2.88E-04,8.22E-05,-1.17E-04,-2.85E-04,-5.36E-05,-2.88E-04,3.12E-05,8.30E-05,-0.00459766,-1.51E-04,1.23E-04,2.32E-04,-2.76E-04,-1.16E-04,-3.17E-05,-2.88E-04,8.22E-05,,,,,,,,,,
340,2.90E-04,-3.27E-04,-1.91E-04,1.37E-04,-3.74E-04,6.20E-05,-3.56E-04,-3.75E-04,-2.42E-05,-3.74E-04,-1.37E-04,6.22E-05,-0.002014083,9.69E-05,7.73E-05,2.90E-04,-3.27E-04,-1.91E-04,1.37E-04,-3.74E-04,6.20E-05,,,,,,,,,,
345,3.10E-04,-3.46E-04,-2.17E-04,1.93E-04,-4.05E-04,5.55E-05,-4.36E-04,-4.07E-04,-1.48E-05,-4.05E-04,-1.93E-04,5.56E-05,-0.001167658,1.80E-04,6.28E-05,3.10E-04,-3.46E-04,-2.17E-04,1.93E-04,-4.05E-04,5.55E-05,,,,,,,,,,
350,3.17E-04,-3.53E-04,-2.26E-04,2.12E-04,-4.15E-04,5.34E-05,-4.63E-04,-4.18E-04,-1.17E-05,-4.15E-04,-2.12E-04,5.35E-05,-8.90E-04,2.07E-04,5.82E-05,3.17E-04,-3.53E-04,-2.26E-04,2.12E-04,-4.15E-04,5.34E-05,,,,,,,,,,
355,3.59E-04,-3.92E-04,-2.57E-04,2.60E-04,-4.65E-04,5.52E-05,-5.34E-04,-4.68E-04,-1.33E-05,-4.65E-04,-2.60E-04,5.51E-05,-7.64E-04,2.54E-04,7.42E-05,3.59E-04,-3.92E-04,-2.57E-04,2.60E-04,-4.65E-04,5.52E-05,,,,,,,,,,
360,3.81E-04,-4.13E-04,-2.73E-04,2.83E-04,-4.92E-04,5.66E-05,-5.70E-04,-4.94E-04,-1.44E-05,-4.92E-04,-2.83E-04,5.66E-05,-7.32E-04,2.76E-04,8.20E-05,3.81E-04,-4.13E-04,-2.73E-04,2.83E-04,-4.92E-04,5.66E-05,,,,,,,,,,
365,3.85E-04,-4.15E-04,-2.75E-04,2.87E-04,-4.95E-04,5.66E-05,-5.78E-04,-4.96E-04,-1.45E-05,-4.95E-04,-2.87E-04,5.66E-05,-7.26E-04,2.80E-04,8.39E-05,3.85E-04,-4.15E-04,-2.75E-04,2.87E-04,-4.95E-04,5.66E-05,,,,,,,,,,
370,3.89E-04,-4.20E-04,-2.78E-04,2.90E-04,-5.00E-04,5.73E-05,-5.82E-04,-5.02E-04,-1.48E-05,-5.00E-04,-2.90E-04,5.73E-05,-7.42E-04,2.83E-04,8.42E-05,3.89E-04,-4.20E-04,-2.78E-04,2.90E-04,-5.00E-04,5.73E-05,,,,,,,,,,
375,3.90E-04,-4.21E-04,-2.78E-04,2.91E-04,-5.02E-04,5.76E-05,-5.83E-04,-5.04E-04,-1.50E-05,-5.02E-04,-2.91E-04,5.76E-05,-7.57E-04,2.84E-04,8.39E-05,3.90E-04,-4.21E-04,-2.78E-04,2.91E-04,-5.02E-04,5.76E-05,,,,,,,,,,
380,3.90E-04,-4.22E-04,-2.78E-04,2.90E-04,-5.02E-04,5.78E-05,-5.83E-04,-5.04E-04,-1.51E-05,-5.02E-04,-2.90E-04,5.78E-05,-7.70E-04,2.84E-04,8.34E-05,3.90E-04,-4.22E-04,-2.78E-04,2.90E-04,-5.02E-04,5.78E-05,,,,,,,,,,
385,4.74E-04,-4.97E-04,-3.29E-04,3.61E-04,-5.92E-04,6.70E-05,-7.01E-04,-5.95E-04,-2.09E-05,-5.92E-04,-3.61E-04,6.69E-05,-0.001041577,3.51E-04,1.08E-04,4.74E-04,-4.97E-04,-3.29E-04,3.61E-04,-5.92E-04,6.70E-05,,,,,,,,,,
390,5.10E-04,-5.29E-04,-3.52E-04,3.91E-04,-6.32E-04,7.10E-05,-7.52E-04,-6.35E-04,-2.35E-05,-6.32E-04,-3.91E-04,7.09E-05,-0.001157255,3.79E-04,1.18E-04,5.10E-04,-5.29E-04,-3.52E-04,3.91E-04,-6.32E-04,7.10E-05,,,,,,,,,,
395,5.22E-04,-5.41E-04,-3.59E-04,4.01E-04,-6.45E-04,7.24E-05,-7.69E-04,-6.49E-04,-2.44E-05,-6.45E-04,-4.01E-04,7.24E-05,-0.001196738,3.89E-04,1.22E-04,5.22E-04,-5.41E-04,-3.59E-04,4.01E-04,-6.45E-04,7.24E-05,,,,,,,,,,
400,5.26E-04,-5.45E-04,-3.62E-04,4.05E-04,-6.50E-04,7.29E-05,-7.74E-04,-6.53E-04,-2.48E-05,-6.50E-04,-4.05E-04,7.29E-05,-0.001210002,3.92E-04,1.23E-04,5.26E-04,-5.45E-04,-3.62E-04,4.05E-04,-6.50E-04,7.29E-05,,,,,,,,,,
405,0.594641806,-0.369417049,-0.042751828,-0.068051828,-0.312085557,0.202114159,2.34315112,-0.320408068,0.187970765,-0.312100915,0.068064573,0.202082154,-10.31213728,0.118766733,-0.172836558,0.376489532,-0.335206075,-0.223894415,0.307791439,-0.400745108,0.042986469,,,,,,,,,,
410,-0.557713026,0.52640004,0.329393969,-0.454899825,0.618826516,-0.044184046,0.559157181,0.610858892,-0.118796241,0.618849835,0.454911976,-0.044199526,-9.382912259,0.347917547,-0.285911469,0.259956421,-0.224685729,-0.134559973,0.175112329,-0.259135053,0.03757371,,,,,,,,,,
415,-0.806161982,0.416060915,0.286112991,-0.594213095,0.50391791,-0.030199945,0.52162031,0.478436711,-0.162811639,0.503877308,0.594079626,-0.030180394,0.8633423,0.353149387,0.4805221,-0.44691561,0.438114522,0.315619626,-0.406737458,0.537796124,-0.048207214,,,,,,,,,,
420,-0.778822215,0.07520565,0.019380714,-0.237571259,0.070179688,-0.033481796,0.285781076,0.043300132,-0.069164103,0.070289929,0.237561795,-0.033473793,-1.561502883,0.039513862,0.234222405,-0.121331911,0.254921222,0.206071146,-0.136339644,0.327502393,-0.014467538,,,,,,,,,,
425,-1.285063018,-0.128419073,-0.173238858,0.281365561,-0.215101135,-0.016629267,-0.648690944,-0.202034849,0.074186002,-0.215077886,-0.281371216,-0.016618193,-0.451754566,-8.91E-04,-0.281896142,0.004135053,-0.004301453,-0.001510723,0.001943364,-0.004329125,0.001380029,,,,,,,,,,
430,-1.640248371,-0.066282575,-0.438821785,0.158575945,-0.443814383,-0.002378588,-0.850458344,-0.431438595,0.10186707,-0.443804753,-0.158579478,-0.002393182,-0.478257243,-0.001195741,-0.158789541,0.001144378,-0.001493447,-6.10E-04,7.24E-04,-0.001556627,4.22E-04,,,,,,,,,,
435,-0.319362773,4.79E-04,0.083577731,-0.518645093,0.083026489,0.002193687,0.228706016,0.081367159,-0.014952928,0.083028157,0.518636727,0.00216443,0.0779406,-0.00288378,0.518634628,1.13E-04,-4.84E-04,-2.46E-04,2.80E-04,-5.36E-04,1.01E-04,,,,,,,,,,
440,-0.527551895,0.003179926,-0.01426448,-0.649396346,-0.014476933,-0.001581004,0.530121974,-0.014647109,0.001550463,-0.014474096,0.649395195,-0.001622865,-0.015236007,0.001338048,0.649389963,-1.19E-04,-1.91E-04,-1.28E-04,6.97E-05,-2.20E-04,3.02E-05,,,,,,,,,,
445,-1.007272869,0.003859185,-0.003490112,-1.028229976,-0.003569069,-0.003449012,1.15509395,-0.004868898,-0.001413553,-0.003567565,1.028231588,-0.003518776,-0.003690949,0.003408401,1.028232873,-1.44E-04,-1.09E-04,-8.81E-05,-2.05E-05,-1.23E-04,2.02E-05,,,,,,,,,,
450,-1.020138208,0.00329017,-0.007716698,-1.023170124,-0.007823791,-0.003130393,2.379344215,-0.006953141,0.004739011,-0.007842206,1.023169069,-0.003190156,-0.00783615,0.003158996,1.023166767,-1.48E-04,-7.77E-05,-6.99E-05,-4.60E-05,-8.69E-05,1.55E-05,,,,,,,,,,
455,0.39793973,-0.004659128,-0.002760123,0.397590739,-0.00276985,0.004715781,1.985907302,0.004428522,0.003382385,-0.002779784,-0.397585173,0.004737207,-0.002766335,-0.004754031,-0.397579993,-1.46E-04,-6.34E-05,-5.97E-05,-5.07E-05,-7.11E-05,1.27E-05,,,,,,,,,,
460,-0.731825667,-0.001092923,0.00161715,-0.556247138,0.001648189,0.001062286,-0.390446425,0.001086514,-0.001627305,0.001646273,0.55624738,0.001027757,0.001648501,-0.001032803,0.5562475,-1.43E-04,-5.55E-05,-5.29E-05,-4.97E-05,-6.28E-05,1.07E-05,,,,,,,,,,
465,-1.129772145,4.82E-04,-5.48E-04,-0.142811085,-5.95E-04,-4.28E-04,0.178329095,-4.27E-04,5.95E-04,-6.03E-04,0.142814047,-4.39E-04,-5.92E-04,4.34E-04,0.142817086,-1.39E-04,-5.02E-05,-4.77E-05,-4.70E-05,-5.73E-05,9.09E-06,,,,,,,,,,
470,-0.507827974,1.11E-04,-3.47E-05,-0.594690325,-4.45E-05,-1.13E-04,-0.292634379,-8.25E-05,4.18E-05,-3.89E-05,0.594686292,-1.46E-04,-4.72E-05,1.51E-04,0.594682018,-1.36E-04,-4.61E-05,-4.35E-05,-4.42E-05,-5.32E-05,7.80E-06,,,,,,,,,,
475,-0.680869944,7.08E-04,-4.50E-04,-0.530357539,-5.70E-04,-6.31E-04,-0.288391073,-6.29E-04,5.73E-04,-5.72E-04,0.530359984,-6.68E-04,-5.69E-04,6.62E-04,0.530362608,-1.33E-04,-4.27E-05,-4.00E-05,-4.16E-05,-4.99E-05,6.73E-06,,,,,,,,,,
480,-1.131064962,2.50E-04,-8.90E-05,-0.521441992,-1.53E-04,-2.29E-04,-0.473063127,-2.37E-04,1.62E-04,-1.53E-04,0.521442168,-2.63E-04,-1.53E-04,2.61E-04,0.521442419,-1.31E-04,-3.99E-05,-3.70E-05,-3.93E-05,-4.72E-05,5.82E-06,,,,,,,,,,
485,-1.709078301,-0.009546113,0.002485132,-0.747005226,0.005544036,0.008047858,-0.685329687,0.007811771,-0.005791253,0.005544807,0.74700512,0.008000718,0.005543806,-0.008002446,0.747003067,-1.29E-04,-3.76E-05,-3.45E-05,-3.73E-05,-4.49E-05,5.05E-06,,,,,,,,,,
490,-0.3480662,-4.77E-04,5.60E-04,-0.821792583,7.49E-04,2.41E-04,-0.394881063,3.17E-04,-8.10E-04,7.53E-04,0.821798211,1.69E-04,7.45E-04,-2.00E-04,0.821806711,-1.27E-04,-3.56E-05,-3.24E-05,-3.57E-05,-4.29E-05,4.40E-06,,,,,,,,,,
495,-0.157018958,0.001514578,-5.63E-04,-0.297807242,-0.00101108,-0.001272617,0.765399805,-9.85E-04,0.001287125,-0.001020549,0.297811111,-0.001294231,-0.001006532,0.001288985,0.297815124,-1.26E-04,-3.39E-05,-3.06E-05,-3.43E-05,-4.13E-05,3.85E-06,,,,,,,,,,
500,-0.020228931,2.96E-04,4.90E-04,0.201341419,3.57E-04,-4.43E-04,-0.66316932,-5.31E-04,-1.93E-04,3.59E-04,-0.20134178,-4.31E-04,3.56E-04,4.30E-04,-0.201342066,-1.24E-04,-3.25E-05,-2.90E-05,-3.31E-05,-3.99E-05,3.39E-06,,,,,,,,,,
505,0.007211755,1.54E-04,5.95E-04,0.234768263,4.98E-04,-3.53E-04,-0.324992515,-3.97E-04,-4.59E-04,4.97E-04,-0.234767767,-3.39E-04,4.98E-04,3.39E-04,-0.234767193,8.832428688,-0.238041024,-0.100424575,-1.167660512,-0.248002017,-0.061803434,,,,,,,,,,
510,0.01226112,4.03E-05,3.40E-04,0.128888378,2.89E-04,-1.58E-04,-0.208662776,-1.59E-04,-2.87E-04,2.89E-04,-0.128888133,-1.51E-04,2.89E-04,1.50E-04,-0.128887834,8.660657744,-0.003254615,0.001334198,-1.339323871,0.002326472,-0.009842479,,,,,,,,,,
515,0.03640536,7.06E-04,0.00141122,0.516502805,0.001005539,-0.001224396,0.581304243,-0.001215307,-0.001019022,9.96E-04,-0.516497429,-0.001196391,0.001010283,0.001190498,-0.516491764,-5.695355658,-0.040651056,-0.027115727,-0.180039736,0.043485284,0.021324533,,,,,,,,,,
520,0.037303355,1.42E-04,0.001985952,0.672661393,0.001688657,-0.001121439,-0.997910435,-8.53E-04,-0.001848735,0.001687572,-0.672660333,-0.001080954,0.001689236,0.001079817,-0.672659092,-0.0216651,-0.003338742,-0.005787978,0.20792582,0.005185665,0.003923693,,,,,,,,,,
525,-7.97E-04,0.007372999,-5.07E-04,0.625513593,-0.004640581,-0.005791719,2.159021368,-0.00639979,0.003733053,-0.004644633,-0.625507977,-0.005758623,-0.004638251,0.005750714,-0.625500901,-0.075171757,-7.57E-04,-6.89E-04,6.88E-04,9.64E-04,2.56E-04,,,,,,,,,,
530,-0.003536661,-5.89E-04,0.002458985,0.8471507,0.002219602,-0.001202025,0.897836979,-0.001165076,-0.002227662,0.002217906,-0.84714922,-0.001150702,0.002220422,0.001149727,-0.847147469,-0.232317951,4.94E-04,0.003333238,-0.207392914,-0.001766153,-0.002895741,,,,,,,,,,
535,0.023801956,-1.84E-04,0.001812705,-0.058185903,0.001452828,-0.001360988,-0.869822129,-0.001132392,-0.001777368,0.001451213,0.058187672,-0.001367514,0.001454087,0.001362949,0.058189961,-0.420565271,0.00112439,0.006662141,-0.412577225,-0.003673185,-0.005677265,,,,,,,,,,
540,0.012863036,1.49E-04,-6.42E-04,-0.194430301,-6.87E-04,4.44E-04,-1.955692091,1.90E-04,8.68E-04,-6.98E-04,0.194431986,4.32E-04,-6.81E-04,-4.32E-04,0.194433367,0.141169623,0.053089389,0.050308259,0.14058965,-0.068618255,-0.024993609,,,,,,,,,,
545,0.032449868,-9.36E-04,7.65E-05,0.610047948,7.60E-04,5.59E-04,-1.11746198,8.92E-04,-2.41E-04,7.60E-04,-0.61004693,5.95E-04,7.59E-04,-5.96E-04,-0.610046012,-0.137904943,0.010971258,0.012079228,-0.138122638,-0.014890397,-0.006717968,,,,,,,,,,
550,0.065115371,-0.00104452,0.001038401,0.511265966,0.001459427,-2.33E-04,3.23531004,7.50E-04,-0.001294856,0.001467616,-0.51127224,-1.91E-04,0.00145553,2.07E-04,-0.51127903,-0.048906972,0.004149692,0.004707157,-0.049242277,-0.005674191,-0.002668863,,,,,,,,,,
555,0.021980099,7.52E-04,-6.30E-04,-0.225580427,-9.98E-04,9.18E-05,-0.442248057,-5.22E-04,8.58E-04,-0.001004888,0.22558191,7.70E-05,-9.95E-04,-7.87E-05,0.225583404,-0.002524083,0.001213958,0.001341131,-0.002526527,-0.001664636,-7.71E-04,,,,,,,,,,
560,0.006644418,9.78E-05,6.22E-05,0.050108727,-5.01E-05,-1.17E-04,-0.11352553,-1.42E-04,-3.64E-05,-5.67E-05,-0.050106454,-1.15E-04,-4.70E-05,1.13E-04,-0.050104201,-8.89E-04,3.99E-04,4.32E-04,-8.23E-04,-5.45E-04,-2.49E-04,,,,,,,,,,
565,0.017806183,-0.002298898,-3.76E-04,-0.22891147,0.001563788,0.001732305,-1.207045275,0.00228804,1.54E-04,0.00156186,0.22891277,0.00171684,0.001564519,-0.001719311,0.228914161,-3.45E-04,1.38E-04,1.39E-04,-2.72E-04,-1.84E-04,-7.96E-05,,,,,,,,,,
570,0.013510872,-7.03E-04,-6.73E-04,-0.289447065,8.49E-05,9.77E-04,1.559758859,7.55E-04,5.93E-04,8.28E-05,0.289447793,9.59E-04,8.58E-05,-9.60E-04,0.28944851,-1.61E-04,5.44E-05,4.38E-05,-9.41E-05,-6.68E-05,-2.42E-05,,,,,,,,,,
575,0.008649665,-2.18E-04,-5.37E-04,-0.216038386,-2.31E-04,5.60E-04,0.668823999,3.15E-04,5.09E-04,-2.33E-04,0.216038679,5.46E-04,-2.31E-04,-5.47E-04,0.216038934,-1.04E-04,2.53E-05,1.24E-05,-3.95E-05,-2.72E-05,-6.23E-06,,,,,,,,,,
580,0.004212509,3.65E-04,-2.80E-05,0.017380751,-2.85E-04,-2.45E-04,-0.013283595,-3.54E-04,1.15E-04,-2.87E-04,-0.017380328,-2.44E-04,-2.84E-04,2.44E-04,-0.017379923,-8.67E-05,1.42E-05,1.88E-06,-2.40E-05,-1.31E-05,-4.31E-07,,,,,,,,,,
585,0.00127529,2.23E-05,-1.58E-06,0.004656569,-1.80E-05,-1.74E-05,-0.003024133,-2.45E-05,5.90E-06,-1.67E-05,-0.004657092,-1.67E-05,-1.85E-05,1.73E-05,-0.004657629,-8.07E-05,9.38E-06,-1.82E-06,-2.07E-05,-7.46E-06,1.44E-06,,,,,,,,,,
590,4.30E-04,9.52E-06,-2.88E-07,0.001283838,-7.51E-06,-7.33E-06,-8.26E-04,-1.07E-05,2.22E-06,-7.15E-06,-0.001283989,-7.15E-06,-7.68E-06,7.32E-06,-0.001284146,-7.75E-05,6.79E-06,-3.23E-06,-2.08E-05,-4.79E-06,2.04E-06,,,,,,,,,,
595,-7.69E-06,3.63E-06,-9.16E-07,3.78E-04,-3.62E-06,-2.09E-06,-2.58E-04,-3.67E-06,8.60E-07,-3.51E-06,-3.78E-04,-2.04E-06,-3.66E-06,2.09E-06,-3.78E-04,-7.46E-05,5.19E-06,-3.79E-06,-2.16E-05,-3.29E-06,2.23E-06,,,,,,,,,,
600,-1.99E-04,1.19E-06,-1.91E-07,1.14E-04,-1.24E-06,-7.18E-07,-9.98E-05,-1.30E-06,1.90E-07,-1.21E-06,-1.14E-04,-7.01E-07,-1.26E-06,7.17E-07,-1.14E-04,-7.16E-05,4.07E-06,-4.03E-06,-2.25E-05,-2.30E-06,2.28E-06,,,,,,,,,,
605,-2.36E-04,3.61E-07,1.43E-07,3.16E-05,-3.63E-07,-2.93E-07,-4.75E-05,-5.08E-07,-1.27E-08,-3.54E-07,-3.16E-05,-2.88E-07,-3.68E-07,2.93E-07,-3.16E-05,-9.893177662,-4.70E-05,8.81E-04,0.106753363,-6.01E-04,-6.68E-04,,,,,,,,,,
610,-2.28E-04,8.78E-08,2.55E-07,5.42E-06,-5.67E-08,-1.51E-07,-2.85E-05,-2.28E-07,-5.98E-08,-5.39E-08,-5.42E-06,-1.50E-07,-5.80E-08,1.51E-07,-5.42E-06,-9.539048534,-0.00286363,-0.001194066,0.460962346,-0.001527551,-0.002626236,,,,,,,,,,
615,-2.07E-04,2.55E-09,2.74E-07,-2.87E-06,4.34E-08,-9.97E-08,-2.03E-05,-1.26E-07,-6.19E-08,4.42E-08,2.87E-06,-9.96E-08,4.31E-08,1.00E-07,2.87E-06,-3.29594157,0.143392699,0.130967412,1.708199988,0.182130519,0.064179085,,,,,,,,,,
620,-1.85E-04,-8.00E-08,2.62E-07,-5.44E-06,1.16E-07,-3.85E-08,-1.60E-05,-2.77E-08,-7.22E-08,1.16E-07,5.44E-06,-3.88E-08,1.16E-07,3.84E-08,5.44E-06,-4.561215382,7.48E-04,0.027577698,0.604944546,0.024220085,0.010198918,,,,,,,,,,
625,-1.64E-04,-2.65E-08,2.29E-07,-6.18E-06,7.30E-08,-6.27E-08,-1.32E-05,-6.22E-08,-4.45E-08,7.31E-08,6.18E-06,-6.31E-08,7.30E-08,6.31E-08,6.18E-06,0.232402675,-0.002101054,-7.64E-04,0.15614982,-0.002573276,5.72E-04,,,,,,,,,,
630,-1.45E-04,-9.31E-09,1.98E-07,-6.31E-06,5.47E-08,-6.29E-08,-1.09E-05,-6.46E-08,-3.17E-08,5.46E-08,6.31E-06,-6.33E-08,5.46E-08,6.34E-08,6.31E-06,0.029565396,1.71E-04,0.002547299,0.004240777,0.002125432,-4.19E-04,,,,,,,,,,
635,-1.28E-04,-3.30E-09,1.69E-07,-6.26E-06,4.40E-08,-5.67E-08,-9.05E-06,-5.86E-08,-2.44E-08,4.40E-08,6.26E-06,-5.71E-08,4.39E-08,5.72E-08,6.26E-06,0.009756839,9.29E-05,0.001026,0.00152651,8.98E-04,-1.54E-04,,,,,,,,,,
640,-1.13E-04,-1.76E-09,1.40E-07,-6.17E-06,3.20E-08,-4.40E-08,-7.43E-06,-5.42E-08,-2.59E-08,4.44E-08,6.16E-06,-5.92E-08,3.19E-08,4.45E-08,6.17E-06,0.003086443,2.93E-05,3.59E-04,4.98E-04,3.26E-04,-4.63E-05,,,,,,,,,,
645,-9.92E-05,-1.27E-10,1.19E-07,-6.06E-06,2.85E-08,-4.04E-08,-6.01E-06,-4.51E-08,-1.87E-08,3.25E-08,6.06E-06,-4.56E-08,2.84E-08,4.08E-08,6.06E-06,9.01E-04,9.22E-06,1.22E-04,1.49E-04,1.20E-04,-1.37E-05,,,,,,,,,,
650,-8.75E-05,8.73E-10,1.01E-07,-5.97E-06,2.42E-08,-3.55E-08,-4.76E-06,-3.82E-08,-1.42E-08,2.55E-08,5.96E-06,-3.75E-08,2.41E-08,3.59E-08,5.97E-06,1.88E-04,5.12E-06,4.34E-05,3.42E-05,5.22E-05,-5.55E-06,,,,,,,,,,
655,-7.72E-05,1.46E-09,8.55E-08,-5.88E-06,2.02E-08,-3.07E-08,-3.66E-06,-3.26E-08,-1.13E-08,2.06E-08,5.88E-06,-3.15E-08,2.01E-08,3.11E-08,5.88E-06,-1.24E-04,1.54E-06,5.03E-06,-7.56E-05,1.52E-05,-2.02E-06,,,,,,,,,,
660,-6.80E-05,1.80E-09,7.22E-08,-5.80E-06,1.67E-08,-2.63E-08,-2.69E-06,-2.78E-08,-9.06E-09,1.68E-08,5.80E-06,-2.68E-08,1.67E-08,2.67E-08,5.80E-06,-1.96E-04,1.19E-06,3.05E-07,-8.33E-05,9.30E-06,-1.08E-06,,,,,,,,,,
665,-6.00E-05,1.99E-09,6.09E-08,-5.73E-06,1.38E-08,-2.25E-08,-1.84E-06,-2.38E-08,-7.37E-09,1.38E-08,5.73E-06,-2.29E-08,1.37E-08,2.29E-08,5.73E-06,-2.14E-04,1.33E-06,1.31E-06,-7.95E-05,8.82E-06,-8.84E-07,,,,,,,,,,
670,-5.29E-05,1.89E-09,5.14E-08,-5.67E-06,1.17E-08,-1.93E-08,-1.08E-06,-2.11E-08,-6.08E-09,1.08E-08,5.67E-06,-2.04E-08,1.16E-08,1.97E-08,5.67E-06,-2.18E-04,1.53E-06,3.11E-06,-7.64E-05,9.29E-06,-9.02E-07,,,,,,,,,,
675,-4.66E-05,9.69E-10,4.39E-08,-5.61E-06,1.12E-08,-1.66E-08,-4.14E-07,-2.06E-08,-5.41E-09,7.04E-09,5.61E-06,-2.04E-08,1.11E-08,1.70E-08,5.61E-06,-2.19E-04,1.70E-06,4.74E-06,-7.44E-05,9.82E-06,-9.71E-07,,,,,,,,,,
680,-4.11E-05,3.23E-10,3.76E-08,-5.56E-06,1.05E-08,-1.43E-08,1.75E-07,-1.96E-08,-4.91E-09,4.45E-09,5.56E-06,-1.98E-08,1.05E-08,1.47E-08,5.56E-06,-2.19E-04,1.85E-06,6.15E-06,-7.28E-05,1.03E-05,-1.04E-06,,,,,,,,,,
685,-3.62E-05,-1.08E-10,3.23E-08,-5.52E-06,9.79E-09,-1.24E-08,6.93E-07,-1.85E-08,-4.49E-09,2.65E-09,5.52E-06,-1.88E-08,9.77E-09,1.28E-08,5.52E-06,-2.18E-04,1.97E-06,7.36E-06,-7.14E-05,1.09E-05,-1.10E-06,,,,,,,,,,
690,-3.19E-05,8.36E-10,2.71E-08,-5.49E-06,6.93E-09,-1.06E-08,1.14E-06,-1.37E-08,-3.63E-09,3.90E-09,5.49E-06,-1.35E-08,6.91E-09,1.10E-08,5.49E-06,-2.17E-04,2.07E-06,8.37E-06,-7.01E-05,1.13E-05,-1.15E-06,,,,,,,,,,
695,-2.82E-05,1.37E-09,2.27E-08,-5.46E-06,4.96E-09,-9.05E-09,1.54E-06,-1.06E-08,-2.81E-09,3.96E-09,5.46E-06,-1.02E-08,4.94E-09,9.42E-09,5.46E-06,-2.17E-04,2.16E-06,9.25E-06,-6.89E-05,1.17E-05,-1.19E-06,,,,,,,,,,
700,-2.48E-05,1.49E-09,1.90E-08,-5.44E-06,3.77E-09,-7.72E-09,1.90E-06,-8.72E-09,-2.20E-09,3.44E-09,5.44E-06,-8.33E-09,3.76E-09,8.08E-09,5.44E-06,-2.16E-04,2.22E-06,9.97E-06,-6.79E-05,1.21E-05,-1.22E-06,,,,,,,,,,
705,5.64E-04,0.017022483,-0.001386646,0.001377175,-0.01320548,-0.011005795,0.00107206,-0.016194302,0.005473571,-0.013204231,-0.00137856,-0.011005133,9.986751378,0.009398148,-0.005709433,-2.16E-04,2.28E-06,1.06E-05,-6.66E-05,1.25E-05,-1.25E-06,,,,,,,,,,
710,-8.77E-04,0.115039218,-0.008837301,-0.001852443,-0.088190261,-0.074439265,-0.00154589,-0.109559369,0.036545248,-0.088186195,0.001848367,-0.074445532,9.911891606,-0.036418438,-0.065729609,-2.15E-04,2.33E-06,1.12E-05,-6.55E-05,1.28E-05,-1.26E-06,,,,,,,,,,
715,0.007870526,-0.346857954,0.026297518,-0.111266974,0.264832546,0.225498059,0.096000976,0.329860327,-0.110045026,0.26481723,0.111284163,0.225499944,10.26489771,0.146640655,-0.202380083,-2.15E-04,2.37E-06,1.17E-05,-6.44E-05,1.31E-05,-1.26E-06,,,,,,,,,,
720,0.679662362,-0.860257654,0.332081924,-1.287263962,0.740619595,0.545237687,1.70704355,0.721141272,-0.560295541,0.740598229,1.287327026,0.545174945,-0.409660336,-1.070884054,-0.928704082,-2.14E-04,2.40E-06,1.22E-05,-6.33E-05,1.35E-05,-1.26E-06,,,,,,,,,,
725,0.581220212,-0.59258118,0.447010263,-0.274843787,0.597322526,0.437967269,0.377542393,0.42322301,-0.612167808,0.597286389,0.274876598,0.437977848,0.379820636,-0.078938277,-0.521344451,-2.14E-04,2.42E-06,1.26E-05,-6.22E-05,1.38E-05,-1.25E-06,,,,,,,,,,
730,-0.265373869,-0.679671626,0.489707669,0.062262401,0.649170063,0.529866045,-0.050283003,0.518045118,-0.660334274,0.649139606,-0.062230007,0.529908402,0.638814947,0.271175822,-0.464100023,-2.14E-04,2.43E-06,1.30E-05,-6.12E-05,1.40E-05,-1.24E-06,,,,,,,,,,
735,-0.90707509,-1.06007666,0.36276941,0.234357774,0.729785149,0.84962987,0.218150713,0.847222682,-0.732589984,0.729731425,-0.234304311,0.849685129,0.718426417,0.557395945,-0.684315672,-2.13E-04,2.45E-06,1.33E-05,-6.02E-05,1.43E-05,-1.23E-06,,,,,,,,,,
740,-0.124961429,-0.434378258,0.044348645,-0.760599861,0.263266165,0.348795089,-0.006090397,0.358072411,-0.250999993,0.263226842,0.760927043,0.348560942,0.40149591,-0.551365152,-0.629042581,-2.13E-04,2.45E-06,1.37E-05,-5.92E-05,1.46E-05,-1.21E-06,,,,,,,,,,
745,0.140930614,-0.671171989,0.351414344,-0.512880184,0.58659444,0.47903034,-0.58789331,0.474722102,-0.590533529,0.586615839,0.512856761,0.479106845,0.599041269,-0.2750961,-0.645821319,-2.13E-04,2.46E-06,1.40E-05,-5.83E-05,1.48E-05,-1.19E-06,,,,,,,,,,
750,-0.074435279,-0.700059039,0.592615931,-0.477692248,0.728443704,0.554940782,-0.488661437,0.554358765,-0.729097434,0.728426684,0.477621797,0.555033709,0.726701971,-0.212330321,-0.70074227,-2.12E-04,2.46E-06,1.43E-05,-5.74E-05,1.51E-05,-1.17E-06,,,,,,,,,,
755,0.696512024,0.034897667,0.429489474,0.036862947,0.421220297,-0.054834293,0.035170939,-0.05481732,-0.421131462,0.421237838,-0.036990349,-0.054782119,0.421174406,0.01154932,0.065035445,-2.12E-04,2.46E-06,1.46E-05,-5.65E-05,1.53E-05,-1.15E-06,,,,,,,,,,
760,-0.539425914,0.24615462,0.400418146,-0.201677997,0.393900752,-0.250362547,-0.203674988,-0.250451764,-0.393793442,0.393899515,0.201669838,-0.250409665,0.394524649,-0.285717024,0.147297455,-2.12E-04,2.46E-06,1.48E-05,-5.56E-05,1.55E-05,-1.12E-06,,,,,,,,,,
765,0.008842398,-0.019903726,0.156319509,-0.096720167,0.156111765,0.01967476,-0.112742541,0.019435183,-0.156162005,0.156099765,0.096739411,0.019568827,0.155809672,-0.080455709,-0.057313351,-2.11E-04,2.45E-06,1.51E-05,-5.47E-05,1.58E-05,-1.10E-06,,,,,,,,,,
770,0.139731481,-0.001290929,-0.165320454,0.124396974,-0.165438971,0.002046481,0.122055038,0.002089789,0.165423445,-0.165442216,-0.124388486,0.002025883,-0.164633344,0.114568964,0.04851813,-2.11E-04,2.45E-06,1.53E-05,-5.39E-05,1.60E-05,-1.07E-06,,,,,,,,,,
775,-0.012736138,0.008830988,0.019308317,-0.014890479,0.019220754,-0.008611122,-0.015789977,-0.008619359,-0.019207745,0.019261885,0.01489892,-0.00855475,0.019762704,-0.017099835,0.001849255,-2.11E-04,2.44E-06,1.56E-05,-5.30E-05,1.62E-05,-1.05E-06,,,,,,,,,,
780,-0.0049339,-5.13E-04,0.009243842,-0.00535474,0.009300796,5.35E-04,-0.005534885,5.42E-04,-0.009363506,0.009237878,0.005333588,5.13E-04,0.009163899,-0.004683023,-0.002623672,-2.10E-04,2.43E-06,1.58E-05,-5.22E-05,1.64E-05,-1.02E-06,,,,,,,,,,
785,0.007050764,0.00155644,-0.00937776,0.006984914,-0.009351358,-0.001520632,0.00696697,-0.001522592,0.009357236,-0.009322843,-0.006971755,-0.001495191,-0.009407093,0.005770883,0.004230166,-2.10E-04,2.44E-06,1.60E-05,-5.11E-05,1.66E-05,-1.00E-06,,,,,,,,,,
790,4.39E-04,-2.39E-04,-4.50E-04,4.45E-04,-4.43E-04,2.59E-04,4.42E-04,2.59E-04,4.45E-04,-4.34E-04,-4.60E-04,2.72E-04,-6.02E-04,5.12E-04,-5.27E-05,-2.10E-04,2.42E-06,1.62E-05,-5.05E-05,1.68E-05,-9.66E-07,,,,,,,,,,
795,1.13E-04,-4.74E-05,-6.28E-05,1.15E-04,-6.01E-05,5.66E-05,1.15E-04,5.78E-05,6.30E-05,-5.77E-05,-1.19E-04,6.45E-05,-2.35E-04,1.28E-04,-5.19E-06,-2.09E-04,2.41E-06,1.64E-05,-4.98E-05,1.70E-05,-9.36E-07,,,,,,,,,,
800,1.51E-05,9.01E-06,4.38E-05,1.54E-05,4.52E-05,-4.71E-06,1.55E-05,-3.53E-06,-4.24E-05,4.59E-05,-1.62E-05,-1.71E-07,-1.24E-04,1.24E-05,9.38E-06,-2.09E-04,2.40E-06,1.66E-05,-4.91E-05,1.72E-05,-9.10E-07,,,,,,,,,,
805,-0.003582902,-0.002262951,0.005249801,-0.003582815,0.005271444,0.002252244,0.685225368,0.002151153,-0.005320047,0.005243537,0.003540392,0.002256648,-9.994624363,-5.96E-04,-0.004044456,-0.445038667,-0.005771926,0.028757336,-0.159034031,0.028230158,0.008213909,,,,,,,,,,
810,0.003757571,0.006175263,-0.004940105,0.003743834,-0.004938968,-0.006148996,0.711192261,-0.005396721,0.005858687,-0.004969442,-0.003718924,-0.006152532,-10.00491076,-0.006270206,-0.001668092,-0.949716632,-0.004165694,-0.246041899,-0.66921509,-0.245970173,1.26E-04,,,,,,,,,,
815,0.09316527,-0.008414456,-0.127361345,0.09365162,-0.127494681,0.008404483,-1.388380282,0.028134292,0.124559498,-0.127409745,-0.093541362,0.008375496,-7.049868983,-0.064262952,-0.067530373,-0.542513164,0.003727268,-0.106690335,-0.627863099,-0.106798436,-0.00261371,,,,,,,,,,
820,-0.283476119,0.09424901,-0.039406155,-0.283682681,-0.039365513,-0.094258172,-0.196285685,-0.095620223,0.039253635,-0.039413216,0.283655018,-0.094285912,-1.049668315,0.11958154,0.271344169,-0.096652226,-0.008688171,0.048531785,-0.146734939,0.048626747,0.008543575,,,,,,,,,,
825,0.020971765,-0.001687393,-0.028467928,0.021577706,-0.028587707,0.001701356,1.141817133,0.003295011,0.028689779,-0.028584646,-0.021596237,0.001688067,-0.175465068,-0.003347754,-0.021814958,-0.321314425,-0.002666234,0.214143942,-0.331680107,0.214169129,0.002482554,,,,,,,,,,
830,0.0086384,0.024990151,-0.050216226,0.047713253,-0.050250228,-0.024972941,1.010764626,-0.010947424,0.054854868,-0.050239516,-0.047666164,-0.025009964,-0.071599686,0.024455193,-0.047860559,-0.800907171,0.008141801,-0.026875216,-0.802455061,-0.026893289,-0.008076514,,,,,,,,,,
835,-0.107093734,0.01772218,0.138013009,-0.099980506,0.137958094,-0.018364992,-1.252011592,-0.057839726,-0.126344503,0.13797418,0.099992065,-0.018365827,0.134849829,0.018258565,0.099949025,-0.526028383,0.008789457,-0.013193702,-0.526270428,-0.013163098,-0.008848704,,,,,,,,,,
840,-0.099595458,-0.006803647,0.132135355,-0.110229151,0.132247306,0.006603301,-0.753615435,-5.66E-04,-0.132254272,0.132248308,0.110247414,0.006584188,0.131793382,-0.006648243,0.110234888,-0.413935939,0.002165686,-0.003150917,-0.413967644,-0.003105995,-0.002180435,,,,,,,,,,
845,0.164873554,0.004486341,-0.221705673,0.163336635,-0.22170264,-0.004443546,0.735192615,0.007079509,0.221491857,-0.221739307,-0.16336229,-0.00446896,-0.221758465,0.004430532,-0.163337851,-0.3794604,6.63E-04,-8.74E-04,-0.3794607,-8.68E-04,-6.56E-04,,,,,,,,,,
850,0.237981786,-0.022523273,-0.323559546,0.238289675,-0.323625224,0.022571368,0.725428369,0.077823325,0.314843774,-0.323603447,-0.238284264,0.022571225,-0.323636182,-0.022571603,-0.238289442,-0.430061088,2.14E-04,-1.86E-04,-0.430061107,-1.99E-04,-2.09E-04,,,,,,,,,,
855,0.113192862,-0.039694752,-0.197333225,0.112482676,-0.19721143,0.039655032,-1.142328157,0.062434902,0.191150738,-0.197164656,-0.112481511,0.039671746,-0.197217045,-0.039650733,-0.112484084,-0.588508155,7.10E-05,1.68E-05,-0.588516316,-3.71E-07,-7.84E-05,,,,,,,,,,
860,-0.268632652,-0.060469125,0.257775975,-0.268863582,0.257599171,0.060322929,-0.252896358,0.059075638,-0.257048492,0.25759931,0.269002553,0.060227382,0.257581606,-0.060328326,0.268882354,-0.825247215,-4.15E-04,5.46E-04,-0.659867453,5.37E-04,4.10E-04,,,,,,,,,,
865,-0.219235847,0.18629889,0.274145998,-0.143050482,0.273986937,-0.186267699,0.952925091,-0.210175009,-0.256507876,0.273885848,0.142921598,-0.186335466,0.274021825,0.186266047,0.143029155,-1.073262683,-0.00112332,8.24E-04,-0.784546234,8.55E-04,0.001093852,,,,,,,,,,
870,-0.010147124,0.013518744,-0.014593639,0.01932768,-0.014573678,-0.013419567,0.898960951,-0.010932475,0.019054178,-0.014549977,-0.01935325,-0.013381715,-0.014565898,0.013417691,-0.019324028,-2.004250002,-0.037237275,-0.019290958,-0.096020139,-0.012166904,0.04012721,,,,,,,,,,
875,-0.025236366,-0.028763168,0.075222918,-0.055159204,0.075415775,0.028522543,-1.389708054,0.005675687,-0.080057023,0.075453231,0.055176778,0.028532997,0.075411295,-0.028523702,0.055160362,0.395181065,0.304601858,-0.023273379,0.698869812,-0.166221082,-0.255962229,,,,,,,,,,
880,-0.06338321,0.00664162,0.093424469,-0.067718059,0.093442856,-0.006724852,-0.594961802,-0.010458561,-0.092698025,0.093400138,0.067689129,-0.006809095,0.093450519,0.006721811,0.067722585,-0.493425639,0.215528967,0.027260537,0.382360608,-0.094992825,-0.195357781,,,,,,,,,,
885,0.113152499,-0.028133393,-0.15325874,0.11263598,-0.153654238,0.028103198,0.095350264,0.02968176,0.153587686,-0.153585709,-0.112405821,0.02806282,-0.153689684,-0.028093236,-0.112657815,0.182349083,-0.332873991,0.015328649,0.244631531,0.218569705,0.251954962,,,,,,,,,,
890,-0.019705324,8.30E-04,0.028247745,-0.021139548,0.028233939,-8.02E-04,-0.038533313,-8.04E-04,-0.02821404,0.028263901,0.021136688,-7.74E-04,0.028231931,8.01E-04,0.02114045,-0.095535692,-0.049476389,0.006690762,-0.103562503,0.036654249,0.034254934,,,,,,,,,,
895,-0.049993812,-0.008047988,0.070327179,-0.050298871,0.070435749,0.00790935,-0.052792237,0.007911083,-0.070435409,0.070382172,0.050201037,0.007774316,0.070437789,-0.00790515,0.050288022,0.131696699,0.018849424,-2.11E-04,-0.353263341,-0.012111448,-0.014550156,,,,,,,,,,
900,0.00709105,-0.005829525,-0.010393975,0.008538236,-0.010579787,0.005937545,0.008203247,0.005941575,0.010587142,-0.010580618,-0.008582493,0.006010828,-0.010581301,-0.005933713,-0.008546536,-0.030722955,0.006338368,-3.83E-04,-0.826508278,-0.003641461,-0.005207668,,,,,,,,,,
905,0.003480181,-0.005637805,0.004395348,-0.005748388,0.00442542,0.005703792,0.337708195,0.005699991,-0.004429208,0.004452801,0.005729923,0.005742648,0.00442311,-0.005702952,0.005746274,-0.014142202,6.33E-04,7.83E-04,-0.167017511,4.41E-04,-9.51E-04,,,,,,,,,,
910,0.001496256,9.23E-04,0.014321624,-0.014369726,0.014460313,-7.90E-04,0.289643412,-0.002469083,-0.014306575,0.014452506,0.014386823,-7.54E-04,0.014461085,7.90E-04,0.014370671,-0.00475033,-1.67E-04,1.51E-04,-0.035815742,2.18E-04,7.56E-05,,,,,,,,,,
915,0.137740408,-0.046130437,-0.02028689,-0.037176205,-0.020717037,0.045953557,-0.748938984,0.046596709,0.019095534,-0.020743283,0.037175865,0.045969551,-0.020717407,-0.045947773,0.0371729,0.022242384,2.73E-06,-0.001171966,0.233420894,-0.001026323,5.16E-04,,,,,,,,,,
920,0.237829557,-0.128050074,-0.119987624,0.006128741,-0.128039238,0.120254369,0.135208928,0.118505647,0.129743509,-0.128013599,-0.006161293,0.120290238,-0.128046981,-0.12025379,-0.006102029,0.004074716,-0.001187779,-9.62E-05,0.224985768,7.09E-04,0.001013351,,,,,,,,,,
925,0.091222061,-0.059863768,-0.06771876,0.032222879,-0.072661659,0.053917193,1.535242876,0.059679658,0.067766787,-0.072649541,-0.032247905,0.053915244,-0.072669894,-0.053916422,-0.032216815,0.016673564,-3.84E-04,-0.002558924,0.492477664,-0.00191997,0.001749303,,,,,,,,,,
930,-0.131974462,0.141978641,0.202944848,-0.132664483,0.213888146,-0.124776419,1.102477134,-0.192127947,-0.155927716,0.213807865,0.132682059,-0.124783463,0.213896206,0.124771466,0.132656689,-0.002546786,2.14E-04,-0.002744231,0.542301406,-0.002312477,0.001505485,,,,,,,,,,
935,-0.137299986,0.155723057,0.18735182,-0.136245135,0.199433817,-0.139745628,-1.264718769,-0.204544298,-0.132380834,0.199381748,0.136207531,-0.13981382,0.199448689,0.139743955,0.136233207,0.005821019,5.04E-04,-2.63E-04,0.052422891,-5.06E-04,-2.10E-04,,,,,,,,,,
940,0.088928778,-0.201469364,-0.094433239,0.06474284,-0.132628626,0.177438619,-1.387229506,0.196238861,0.105683411,-0.132678508,-0.064765318,0.177391731,-0.132635962,-0.177434217,-0.064734504,-9.23E-04,1.18E-04,0.001249998,-0.241168256,9.03E-04,-9.40E-04,,,,,,,,,,
945,0.318836868,-0.222307368,-0.201179188,0.057442439,-0.242445163,0.175733252,0.25139348,0.181186515,0.239999588,-0.2423334,-0.057289299,0.175753241,-0.242470562,-0.175722709,-0.057438587,6.38E-05,-1.11E-04,3.36E-04,-0.07410096,3.39E-04,-1.39E-04,,,,,,,,,,
950,-0.056502199,0.032981495,0.048360899,-0.022920498,0.054426798,-0.02157748,-0.51528071,-0.024875707,-0.05252824,0.054449887,0.022829939,-0.021593188,0.054425586,0.021574533,0.022921671,0.005987813,-2.89E-05,2.28E-05,0.009001881,5.08E-05,2.59E-06,,,,,,,,,,
955,0.431427595,-0.070446851,0.049481078,-0.26260083,0.02884959,0.081389653,-0.355115008,0.081361535,-0.029461968,0.02880603,0.26263363,0.081396962,0.028851229,-0.081373743,0.262601689,0.003215123,3.38E-04,-1.04E-04,0.032847787,-2.73E-04,-2.07E-04,,,,,,,,,,
960,0.416638155,-0.315416857,-0.216693043,0.059459015,-0.319099666,0.212170487,0.046126709,0.212647875,0.318919227,-0.319140912,-0.059429907,0.212160581,-0.319108722,-0.212158222,-0.059435482,0.001042037,8.56E-05,-1.18E-05,0.007200985,-6.38E-05,-5.80E-05,,,,,,,,,,
965,0.340275978,-0.301190966,-0.249664975,0.105254326,-0.352816026,0.169658383,1.444258721,0.19598293,0.338365193,-0.352783845,-0.105247574,0.169650795,-0.352832191,-0.169644828,-0.105242662,3.38E-04,2.99E-05,2.05E-06,0.001808954,-2.01E-05,-2.30E-05,,,,,,,,,,
970,0.050406717,-0.045759404,-0.037024887,0.016026144,-0.05378028,0.024162792,0.547198643,0.042311505,0.041627006,-0.053764151,-0.016019245,0.024163589,-0.053786153,-0.02416148,-0.01602297,1.61E-05,9.78E-06,4.25E-06,4.98E-04,-5.74E-06,-8.67E-06,,,,,,,,,,
975,0.02577273,-0.023223148,-0.024767419,0.01261048,-0.032592849,0.009767089,-1.708069931,0.017916549,0.029261551,-0.032601146,-0.012539452,0.009757804,-0.032588418,-0.009764076,-0.012613635,-2.23E-04,2.87E-06,3.09E-06,1.45E-04,-1.58E-06,-2.91E-06,,,,,,,,,,
980,0.320164225,-0.276339894,-0.212770915,0.067665434,-0.314579459,0.150535362,0.005120381,0.151124216,0.314296169,-0.314580851,-0.067691063,0.150562053,-0.314585458,-0.150518985,-0.067661586,-2.71E-04,6.49E-07,3.05E-06,3.89E-05,2.29E-07,-1.41E-06,,,,,,,,,,
985,0.296591017,-0.287606338,-0.226351931,0.104201286,-0.337001709,0.142900712,0.432219591,0.160760042,0.328807056,-0.337013459,-0.104149765,0.142870699,-0.33701176,-0.142887415,-0.104191737,-2.63E-04,-2.52E-08,2.79E-06,5.95E-06,7.46E-07,-8.87E-07,,,,,,,,,,
990,0.334991162,-0.337378686,-0.257583414,0.122139939,-0.393619116,0.158989009,-0.14085925,0.186098335,0.381559867,-0.393635823,-0.12211269,0.158964068,-0.39362822,-0.158972817,-0.122130443,-2.39E-04,-2.09E-07,2.46E-06,-4.40E-06,8.35E-07,-6.67E-07,,,,,,,,,,
995,0.455403842,-0.480302304,-0.351686589,0.173159577,-0.555912894,0.213069957,0.023202973,0.219983438,0.553260283,-0.555928336,-0.173172974,0.213066614,-0.555923449,-0.213047056,-0.173146902,-2.13E-04,-3.41E-07,2.15E-06,-7.51E-06,8.60E-07,-4.75E-07,,,,,,,,,,
1000,6.512304671,-0.837968946,-0.512682193,-0.059186491,-0.923520069,0.334709797,-0.081059797,0.335840474,0.923101584,-0.923556151,0.059133984,0.33462524,-0.923532803,-0.334651914,0.059204755,-1.89E-04,-2.36E-07,1.85E-06,-8.44E-06,7.10E-07,-4.56E-07,,,,,,,,,,
1005,-7.999947144,-0.312107497,0.167557084,0.506241899,-0.127555475,0.323505589,0.324092115,0.323771777,0.124934242,-0.127521089,-0.506223655,0.323555622,-0.127565252,-0.323526787,-0.506229111,-1.67E-04,-1.85E-07,1.59E-06,-8.62E-06,5.97E-07,-4.04E-07,,,,,,,,,,
1010,-1.086067687,-0.443848124,0.045473276,0.15754448,0.006487716,0.44606294,0.241778511,0.445755867,-0.012644324,0.006471465,-0.157481351,0.446071951,0.006462656,-0.446074226,-0.157513573,-1.47E-04,-1.51E-07,1.36E-06,-8.55E-06,5.12E-07,-3.55E-07,,,,,,,,,,
1015,0.225988626,-0.34776937,-0.079053871,0.407028955,-0.077439574,0.345734855,0.282658759,0.346666798,0.072673327,-0.077464063,-0.406988932,0.34571248,-0.07745192,-0.345755645,-0.407003856,-1.30E-04,-1.26E-07,1.17E-06,-8.43E-06,4.38E-07,-3.08E-07,,,,,,,,,,
1020,0.254383758,-0.475459387,-0.101743733,0.280839372,-0.100056296,0.475139154,0.28750153,0.475382449,0.098824391,-0.10009174,-0.280778493,0.475164315,-0.100084062,-0.475148906,-0.28081255,-1.14E-04,-1.06E-07,9.98E-07,-8.30E-06,3.75E-07,-2.66E-07,,,,,,,,,,
1025,0.057196627,-0.102467461,-0.099967746,0.061019674,-0.09900935,0.102448739,0.044396946,0.10258079,0.098870219,-0.099033299,-0.061054159,0.10235843,-0.099004506,-0.10244852,-0.06100846,-1.01E-04,-8.93E-08,8.55E-07,-8.18E-06,3.20E-07,-2.29E-07,,,,,,,,,,
1030,-0.185998406,0.318672308,0.039176795,-0.185461178,0.039520351,-0.318651043,-0.188214229,-0.318685876,-0.03937883,0.039541045,0.1854068,-0.31869419,0.039542076,0.318658323,0.185444539,-8.87E-05,-7.55E-08,7.32E-07,-8.08E-06,2.74E-07,-1.97E-07,,,,,,,,,,
1035,-0.119088539,0.209523674,0.007611604,-0.119013785,0.007708502,-0.209522093,-0.119401218,-0.209661708,-0.007517056,0.007751668,0.11902761,-0.209495304,0.007737659,0.209529323,0.118999723,-7.82E-05,-6.38E-08,6.27E-07,-7.98E-06,2.34E-07,-1.69E-07,,,,,,,,,,
1040,-0.136039804,0.128229005,0.181619183,-0.136028862,0.181654233,-0.128227545,-0.13608907,-0.128200573,-0.181723661,0.18164507,0.13602074,-0.128227158,0.181662677,0.128225171,0.136019584,-6.89E-05,-5.44E-08,5.37E-07,-7.89E-06,2.00E-07,-1.45E-07,,,,,,,,,,
1045,-0.072170069,0.12273334,0.020321523,-0.072168592,0.02033261,-0.1227333,-0.072113816,-0.122789629,-0.020204702,0.020368131,0.072185495,-0.122717824,0.020340492,0.122736649,0.07216042,-6.07E-05,-4.74E-08,4.60E-07,-7.81E-06,1.74E-07,-1.25E-07,,,,,,,,,,
1050,-0.054846159,0.094558939,0.018283842,-0.054845942,0.018287425,-0.094559099,-0.054844303,-0.094607562,-0.018204511,0.018311108,0.054824133,-0.094556696,0.018293121,0.09456129,0.054840025,-5.35E-05,-4.12E-08,3.95E-07,-7.74E-06,1.50E-07,-1.07E-07,,,,,,,,,,
1055,-0.045239803,0.079129397,0.016282877,-0.045239749,0.016283949,-0.079129618,-0.045287695,-0.079142781,-0.016287389,0.016286198,0.045193539,-0.079142594,0.016288664,0.079131256,0.045234999,-4.72E-05,-3.45E-08,3.38E-07,-7.69E-06,1.28E-07,-9.22E-08,,,,,,,,,,
1060,-0.042349819,0.074071558,0.015635656,-0.04234977,0.01563592,-0.074071788,-0.04237985,-0.074075468,-0.01564922,0.01563565,0.042315138,-0.074082941,0.015640335,0.074073263,0.042345408,-4.16E-05,-2.85E-08,2.89E-07,-7.65E-06,1.08E-07,-7.92E-08,,,,,,,,,,
1065,-0.045487295,0.079147676,0.016876944,-0.04548722,0.016876935,-0.079147928,-0.045495151,-0.079150419,-0.016877116,0.016879744,0.045471773,-0.079153451,0.016881666,0.079149492,0.04548261,-3.66E-05,-2.39E-08,2.47E-07,-7.61E-06,9.17E-08,-6.80E-08,,,,,,,,,,
1070,-0.054865413,0.095146785,0.020363654,-0.054865305,0.020363541,-0.095147079,-0.054868304,-0.095149347,-0.020358456,0.02036809,0.054855198,-0.095151236,0.020369249,0.095148965,0.054859786,-3.23E-05,-2.01E-08,2.12E-07,-7.57E-06,7.81E-08,-5.83E-08,,,,,,,,,,
1075,-0.071820912,0.124133705,0.026605341,-0.071820763,0.026605163,-0.12413408,-0.071822629,-0.124136596,-0.026596716,0.026611495,0.071810855,-0.124138596,0.026612636,0.124136553,0.071813576,-2.85E-05,-1.70E-08,1.81E-07,-7.53E-06,6.67E-08,-5.00E-08,,,,,,,,,,
1080,-0.099419313,0.171122136,0.036669427,-0.099419134,0.036669126,-0.171122667,-0.099420537,-0.171125507,-0.036657269,0.036677895,0.099407156,-0.171128756,0.036679465,0.171126093,0.099409236,-2.51E-05,-1.44E-08,1.55E-07,-7.50E-06,5.69E-08,-4.29E-08,,,,,,,,,,
1085,-0.141552057,0.242213504,0.051911095,-0.141551808,0.051910708,-0.242214219,-0.141553757,-0.242218116,-0.051893762,0.051923889,0.141535635,-0.242222273,0.051925414,0.242219121,0.141537825,-2.21E-05,-1.22E-08,1.33E-07,-7.48E-06,4.86E-08,-3.68E-08,,,,,,,,,,
1090,-0.201215632,0.341461156,0.073089661,-0.201215268,0.073089292,-0.341462061,-0.201218203,-0.341467426,-0.073064315,0.073107615,0.201193558,-0.341472984,0.073110136,0.341469094,0.201195602,-1.95E-05,-1.03E-08,1.13E-07,-7.45E-06,4.15E-08,-3.16E-08,,,,,,,,,,
1095,-0.338622713,0.151975872,0.207236937,-0.036535118,0.206730697,-0.152066785,-0.036449032,-0.152114883,-0.206569421,0.206714373,0.036782034,-0.152144436,0.206722059,0.152080964,0.036480456,-1.72E-05,-8.74E-09,9.71E-08,-7.43E-06,3.55E-08,-2.71E-08,,,,,,,,,,
1100,-0.103595912,0.041262811,0.142371264,-0.074387266,0.141672275,-0.043357308,-0.074378783,-0.043361305,-0.141676445,0.141671534,0.074408697,-0.043354936,0.141677426,0.043354105,0.074382728,-1.51E-05,-7.40E-09,8.30E-08,-7.41E-06,3.03E-08,-2.32E-08,,,,,,,,,,
1105,0.046357704,-0.018029151,-0.067347661,0.036705679,-0.067255194,0.01868336,0.036714582,0.018696886,0.067194472,-0.067246089,-0.036640241,0.018667757,-10.06728927,-0.002093863,-0.0412267,0.002537212,0.002932284,-3.20E-04,0.002167762,-0.002234221,-0.002053462,,,,,,,,,,
1110,0.112707974,-0.052810807,-0.158113783,0.088664333,-0.158199206,0.053152956,0.108351431,0.056389612,0.156104731,-0.158233611,-0.08859941,0.05309999,0.040857646,0.025877355,-0.091717198,0.020616215,0.022005369,-9.48E-04,-0.031495027,-0.014639798,-0.016301862,,,,,,,,,,
1115,0.145126684,-0.102651695,-0.204429032,0.140349519,-0.204433055,0.102673361,0.040339074,0.104394997,0.203379641,-0.204445729,-0.140307618,0.102650941,0.008417863,0.04037168,-0.165560966,0.013811546,0.023171618,-0.001693435,0.002188632,-0.016017214,-0.017001816,,,,,,,,,,
1120,0.033828921,-0.029924147,0.060044151,0.033171856,0.060116587,0.029951344,0.011234999,0.029755009,-0.06034268,0.060081703,-0.033227196,0.029958846,0.133860216,0.004676792,-0.04328105,0.041252676,6.73E-04,2.15E-04,-0.042838399,-3.39E-04,-5.66E-04,,,,,,,,,,
,,,,,,,,,,,,,,,,0.003119683,0.001026762,-6.53E-05,-0.003837346,-6.98E-04,-7.58E-04,,,,,,,,,,
,,,,,,,,,,,,,,,,0.001014536,2.91E-04,-1.94E-05,-0.001248688,-1.97E-04,-2.14E-04,,,,,,,,,,
,,,,,,,,,,,,,,,,3.26E-04,8.10E-05,-7.47E-06,-4.08E-04,-5.58E-05,-5.89E-05,,,,,,,,,,
